Round	Pick	Team	Player	Position	NFL Team	Conference	Year
1	1	Unicorns & Creemees	Bijan Robinson	RB	ATL	North	2025
1	2	Maryland Madness	Ja'Marr Chase	WR	CIN	North	2025
1	3	Cosmo's Crew	Justin Jefferson	WR	MIN	North	2025
1	4	Hail To The Chef	Jahmyr Gibbs	RB	DET	North	2025
1	5	Raptors	Saquon Barkley	RB	PHI	North	2025
1	6	Offensive Lyonmen	CeeDee Lamb	WR	DAL	North	2025
1	7	Steers & Beers	Derrick Henry	RB	BAL	North	2025
1	8	Playoff Donkeys	Malik Nabers	WR	NYG	North	2025
1	9	Wookie of the Year	Amon-Ra St. Brown	WR	DET	North	2025
1	10	AFCCP	Puka Nacua	WR	LAR	North	2025
1	11	Poner	Nico Collins	WR	HOU	North	2025
1	12	Renegades	De'Von Achane	RB	MIA	North	2025
2	13	Renegades	Brian Thomas Jr.	WR	JAC	North	2025
2	14	Poner	Christian McCaffrey	RB	SFO	North	2025
2	15	AFCCP	Jaxon Smith-Njigba	WR	SEA	North	2025
2	16	Wookie of the Year	Jonathan Taylor	RB	IND	North	2025
2	17	Playoff Donkeys	Drake London	WR	ATL	North	2025
2	18	Steers & Beers	Ashton Jeanty	RB	LVR	North	2025
2	19	Offensive Lyonmen	A.J. Brown	WR	PHI	North	2025
2	20	Raptors	Josh Jacobs	RB	GBP	North	2025
2	21	Hail To The Chef	Chase Brown	RB	CIN	North	2025
2	22	Cosmo's Crew	Bucky Irving	RB	TBB	North	2025
2	23	Maryland Madness	Brock Bowers	TE	LVR	North	2025
2	24	Unicorns & Creemees	Kyren Williams	RB	LAR	North	2025
3	25	Unicorns & Creemees	Josh Allen	QB	BUF	North	2025
3	26	Maryland Madness	Lamar Jackson	QB	BAL	North	2025
3	27	Cosmo's Crew	Ladd McConkey	WR	LAC	North	2025
3	28	Hail To The Chef	Trey McBride	TE	ARI	North	2025
3	29	Raptors	Tee Higgins	WR	CIN	North	2025
3	30	Offensive Lyonmen	Joe Burrow	QB	CIN	North	2025
3	31	Steers & Beers	Breece Hall	RB	NYJ	North	2025
3	32	Playoff Donkeys	George Kittle	TE	SFO	North	2025
3	33	Wookie of the Year	Jayden Daniels	QB	WAS	North	2025
3	34	AFCCP	Kenneth Walker III	RB	SEA	North	2025
3	35	Poner	Jalen Hurts	QB	PHI	North	2025
3	36	Renegades	Alvin Kamara	RB	NOS	North	2025
4	37	Renegades	Patrick Mahomes	QB	KCC	North	2025
4	38	Poner	Garrett Wilson	WR	NYJ	North	2025
4	39	AFCCP	Bo Nix	QB	DEN	North	2025
4	40	Wookie of the Year	Tyreek Hill	WR	MIA	North	2025
4	41	Playoff Donkeys	Davante Adams	WR	LAR	North	2025
4	42	Steers & Beers	Kyler Murray	QB	ARI	North	2025
4	43	Offensive Lyonmen	James Conner	RB	ARI	North	2025
4	44	Raptors	Mike Evans	WR	TBB	North	2025
4	45	Hail To The Chef	James Cook	RB	BUF	North	2025
4	46	Cosmo's Crew	Omarion Hampton	RB	LAC	North	2025
4	47	Maryland Madness	Chuba Hubbard	RB	CAR	North	2025
4	48	Unicorns & Creemees	Marvin Harrison Jr.	WR	ARI	North	2025
5	49	Unicorns & Creemees	DK Metcalf	WR	PIT	North	2025
5	50	Maryland Madness	TreVeyon Henderson	RB	NEP	North	2025
5	51	Cosmo's Crew	Jameson Williams	WR	DET	North	2025
5	52	Hail To The Chef	Baker Mayfield	QB	TBB	North	2025
5	53	Raptors	David Montgomery	RB	DET	North	2025
5	54	Offensive Lyonmen	Terry McLaurin	WR	WAS	North	2025
5	55	Steers & Beers	D.J. Moore	WR	CHI	North	2025
5	56	Playoff Donkeys	Courtland Sutton	WR	DEN	North	2025
5	57	Wookie of the Year	T.J. Hockenson	TE	MIN	North	2025
5	58	AFCCP	Xavier Worthy	WR	KCC	North	2025
5	59	Poner	Tetairoa McMillan	WR	CAR	North	2025
5	60	Renegades	Jaylen Waddle	WR	MIA	North	2025
6	61	Renegades	Sam LaPorta	TE	DET	North	2025
6	62	Poner	DeVonta Smith	WR	PHI	North	2025
6	63	AFCCP	D'Andre Swift	RB	CHI	North	2025
6	64	Wookie of the Year	Jerry Jeudy	WR	CLE	North	2025
6	65	Playoff Donkeys	Tony Pollard	RB	TEN	North	2025
6	66	Steers & Beers	Rashee Rice	WR	KCC	North	2025
6	67	Offensive Lyonmen	Aaron Jones	RB	MIN	North	2025
6	68	Raptors	RJ Harvey	RB	DEN	North	2025
6	69	Hail To The Chef	Calvin Ridley	WR	TEN	North	2025
6	70	Cosmo's Crew	Kaleb Johnson	RB	PIT	North	2025
6	71	Maryland Madness	George Pickens	WR	DAL	North	2025
6	72	Unicorns & Creemees	Emeka Egbuka	WR	TBB	North	2025
7	73	Unicorns & Creemees	Isiah Pacheco	RB	KCC	North	2025
7	74	Maryland Madness	Zay Flowers	WR	BAL	North	2025
7	75	Cosmo's Crew	Tyler Warren	TE	IND	North	2025
7	76	Hail To The Chef	Travis Hunter	WR	JAC	North	2025
7	77	Raptors	Travis Kelce	TE	KCC	North	2025
7	78	Offensive Lyonmen	Tyrone Tracy	RB	NYG	North	2025
7	79	Steers & Beers	Matthew Golden	WR	GBP	North	2025
7	80	Playoff Donkeys	Jaylen Warren	RB	PIT	North	2025
7	81	Wookie of the Year	Javonte Williams	RB	DAL	North	2025
7	82	AFCCP	David Njoku	TE	CLE	North	2025
7	83	Poner	Travis Etienne	RB	JAC	North	2025
7	84	Renegades	Chris Olave	WR	NOS	North	2025
8	85	Renegades	Jordan Mason	RB	MIN	North	2025
8	86	Poner	Evan Engram	TE	DEN	North	2025
8	87	AFCCP	Ricky Pearsall	WR	SFO	North	2025
8	88	Wookie of the Year	Austin Ekeler	RB	WAS	North	2025
8	89	Playoff Donkeys	Brock Purdy	QB	SFO	North	2025
8	90	Steers & Beers	Harold Fannin	TE	CLE	North	2025
8	91	Offensive Lyonmen	Jakobi Meyers	WR	JAC	North	2025
8	92	Raptors	Dak Prescott	QB	DAL	North	2025
8	93	Hail To The Chef	Rome Odunze	WR	CHI	North	2025
8	94	Cosmo's Crew	Stefon Diggs	WR	NEP	North	2025
8	95	Maryland Madness	Michael Pittman	WR	IND	North	2025
8	96	Unicorns & Creemees	Deebo Samuel	WR	WAS	North	2025
9	97	Unicorns & Creemees	Colston Loveland	TE	CHI	North	2025
9	98	Maryland Madness	Khalil Shakir	WR	BUF	North	2025
9	99	Cosmo's Crew	Zach Charbonnet	RB	SEA	North	2025
9	100	Hail To The Chef	Jauan Jennings	WR	SFO	North	2025
9	101	Raptors	Jordan Addison	WR	MIN	North	2025
9	102	Offensive Lyonmen	Jayden Reed	WR	GBP	North	2025
9	103	Steers & Beers	Tai Felton	WR	MIN	North	2025
9	104	Playoff Donkeys	Mark Andrews	TE	BAL	North	2025
9	105	Wookie of the Year	Brian Robinson	RB	SFO	North	2025
9	106	AFCCP	J. Croskey-Merritt	RB	WAS	North	2025
9	107	Poner	Josh Downs	WR	IND	North	2025
9	108	Renegades	Cooper Kupp	WR	SEA	North	2025
10	109	Renegades	J.K. Dobbins	RB	DEN	North	2025
10	110	Poner	Joe Mixon	RB	HOU	North	2025
10	111	AFCCP	Keon Coleman	WR	BUF	North	2025
10	112	Wookie of the Year	Elijah Moore	WR	DEN	North	2025
10	113	Playoff Donkeys	Justin Herbert	QB	LAC	North	2025
10	114	Steers & Beers	Rhamondre Stevenson	RB	NEP	North	2025
10	115	Offensive Lyonmen	Jerome Ford	RB	CLE	North	2025
10	116	Raptors	Chris Godwin	WR	TBB	North	2025
10	117	Hail To The Chef	Cam Skattebo	RB	NYG	North	2025
10	118	Cosmo's Crew	Jared Goff	QB	DET	North	2025
10	119	Maryland Madness	Nick Chubb	RB	HOU	North	2025
10	120	Unicorns & Creemees	Jayden Higgins	WR	HOU	North	2025
11	121	Unicorns & Creemees	Quinshon Judkins	RB	CLE	North	2025
11	122	Maryland Madness	Denver Broncos	DEF	DEN	North	2025
11	123	Cosmo's Crew	Keenan Allen	WR	LAC	North	2025
11	124	Hail To The Chef	Philadelphia Eagles	DEF	PHI	North	2025
11	125	Raptors	Tank Bigsby	RB	PHI	North	2025
11	126	Offensive Lyonmen	Darnell Mooney	WR	ATL	North	2025
11	127	Steers & Beers	Dallas Goedert	TE	PHI	North	2025
11	128	Playoff Donkeys	Rachaad White	RB	TBB	North	2025
11	129	Wookie of the Year	Caleb Williams	QB	CHI	North	2025
11	130	AFCCP	Drake Maye	QB	NEP	North	2025
11	131	Poner	Pittsburgh Steelers	DEF	PIT	North	2025
11	132	Renegades	Najee Harris	RB	LAC	North	2025
12	133	Renegades	Tucker Kraft	TE	GBP	North	2025
12	134	Poner	Ray Davis	RB	BUF	North	2025
12	135	AFCCP	Dalton Kincaid	TE	BUF	North	2025
12	136	Wookie of the Year	Brandon Aubrey	PK	DAL	North	2025
12	137	Playoff Donkeys	Baltimore Ravens	DEF	BAL	North	2025
12	138	Steers & Beers	Jake Bates	PK	DET	North	2025
12	139	Offensive Lyonmen	Hunter Henry	TE	NEP	North	2025
12	140	Raptors	Christian Kirk	WR	HOU	North	2025
12	141	Hail To The Chef	Cameron Dicker	PK	LAC	North	2025
12	142	Cosmo's Crew	Cedric Tillman	WR	CLE	North	2025
12	143	Maryland Madness	Trey Benson	RB	ARI	North	2025
12	144	Unicorns & Creemees	Jake Ferguson	TE	DAL	North	2025
13	145	Unicorns & Creemees	Rashid Shaheed	WR	SEA	North	2025
13	146	Maryland Madness	Rico Dowdle	RB	CAR	North	2025
13	147	Cosmo's Crew	J.J. McCarthy	QB	MIN	North	2025
13	148	Hail To The Chef	Braelon Allen	RB	NYJ	North	2025
13	149	Raptors	Justin Fields	QB	NYJ	North	2025
13	150	Offensive Lyonmen	Tua Tagovailoa	QB	MIA	North	2025
13	151	Steers & Beers	Dallas Cowboys	DEF	DAL	North	2025
13	152	Playoff Donkeys	Tyjae Spears	RB	TEN	North	2025
13	153	Wookie of the Year	Samaje Perine	RB	CIN	North	2025
13	154	AFCCP	Marquise Brown	WR	KCC	North	2025
13	155	Poner	Tyler Allgeier	RB	ATL	North	2025
13	156	Renegades	Trevor Lawrence	QB	JAC	North	2025
14	157	Renegades	Houston Texans	DEF	HOU	North	2025
14	158	Poner	Luther Burden	WR	CHI	North	2025
14	159	AFCCP	Ka'imi Fairbairn	PK	HOU	North	2025
14	160	Wookie of the Year	Minnesota Vikings	DEF	MIN	North	2025
14	161	Playoff Donkeys	Rashod Bateman	WR	BAL	North	2025
14	162	Steers & Beers	Jaylin Noel	WR	HOU	North	2025
14	163	Offensive Lyonmen	Buffalo Bills	DEF	BUF	North	2025
14	164	Raptors	Kyle Pitts	TE	ATL	North	2025
14	165	Hail To The Chef	Marvin Mims	WR	DEN	North	2025
14	166	Cosmo's Crew	Ollie Gordon	RB	MIA	North	2025
14	167	Maryland Madness	Zach Ertz	TE	WAS	North	2025
14	168	Unicorns & Creemees	Detroit Lions	DEF	DET	North	2025
15	169	Unicorns & Creemees	C.J. Stroud	QB	HOU	North	2025
15	170	Maryland Madness	Dylan Sampson	RB	CLE	North	2025
15	171	Cosmo's Crew	Kansas City Chiefs	DEF	KCC	North	2025
15	172	Hail To The Chef	Brenton Strange	TE	JAC	North	2025
15	173	Raptors	Wil Lutz	PK	DEN	North	2025
15	174	Offensive Lyonmen	Chris Boswell	PK	PIT	North	2025
15	175	Steers & Beers	Jordan James	RB	SFO	North	2025
15	176	Playoff Donkeys	Jake Elliott	PK	PHI	North	2025
15	177	Wookie of the Year	Jordan Love	QB	GBP	North	2025
15	178	AFCCP	Green Bay Packers	DEF	GBP	North	2025
15	179	Poner	Harrison Butker	PK	KCC	North	2025
15	180	Renegades	Adam Thielen	WR	FA	North	2025
16	181	Renegades	Chase McLaughlin	PK	TBB	North	2025
16	182	Poner	Jaydon Blue	RB	DAL	North	2025
16	183	AFCCP	Romeo Doubs	WR	GBP	North	2025
16	184	Wookie of the Year	Jordan Mims	RB	TEN	North	2025
16	185	Playoff Donkeys	Brandon Aiyuk	WR	SFO	North	2025
16	186	Steers & Beers	Isaiah Bond	WR	CLE	North	2025
16	187	Offensive Lyonmen	Kareem Hunt	RB	KCC	North	2025
16	188	Raptors	L.A. Chargers	DEF	LAC	North	2025
16	189	Hail To The Chef	Bryce Young	QB	CAR	North	2025
16	190	Cosmo's Crew	Evan McPherson	PK	CIN	North	2025
16	191	Maryland Madness	Will Reichard	PK	MIN	North	2025
16	192	Unicorns & Creemees	Tyler Loop	PK	BAL	North	2025
1	1	Schmidts and Giggles	Saquon Barkley	RB	PHI	South 	2025
1	2	Return of the Moosemen	Ja'Marr Chase	WR	CIN	South 	2025
1	3	Rusty Hammer	Jahmyr Gibbs	RB	DET	South 	2025
1	4	Rory's Fury	Bijan Robinson	RB	ATL	South 	2025
1	5	M-Dogg	CeeDee Lamb	WR	DAL	South 	2025
1	6	Baby Fumblers	Justin Jefferson	WR	MIN	South 	2025
1	7	Buck Wild Roosters	Amon-Ra St. Brown	WR	DET	South 	2025
1	8	Gridiron Guru	Malik Nabers	WR	NYG	South 	2025
1	9	Met-Life Crisis	Ashton Jeanty	RB	LVR	South 	2025
1	10	Banana's Bunch	Nico Collins	WR	HOU	South 	2025
1	11	The Motor City Kitties	Puka Nacua	WR	LAR	South 	2025
1	12	Tua Girls, One Kupp	Derrick Henry	RB	BAL	South 	2025
2	13	Tua Girls, One Kupp	Drake London	WR	ATL	South 	2025
2	14	The Motor City Kitties	Josh Jacobs	RB	GBP	South 	2025
2	15	Banana's Bunch	Christian McCaffrey	RB	SFO	South 	2025
2	16	Met-Life Crisis	Chase Brown	RB	CIN	South 	2025
2	17	Gridiron Guru	De'Von Achane	RB	MIA	South 	2025
2	18	Buck Wild Roosters	Kyren Williams	RB	LAR	South 	2025
2	19	Baby Fumblers	Brian Thomas Jr.	WR	JAC	South 	2025
2	20	M-Dogg	Bucky Irving	RB	TBB	South 	2025
2	21	Rory's Fury	Ladd McConkey	WR	LAC	South 	2025
2	22	Rusty Hammer	Jonathan Taylor	RB	IND	South 	2025
2	23	Return of the Moosemen	Alvin Kamara	RB	NOS	South 	2025
2	24	Schmidts and Giggles	Tee Higgins	WR	CIN	South 	2025
3	25	Schmidts and Giggles	Josh Allen	QB	BUF	South 	2025
3	26	Return of the Moosemen	James Cook	RB	BUF	South 	2025
3	27	Rusty Hammer	Lamar Jackson	QB	BAL	South 	2025
3	28	Rory's Fury	Joe Burrow	QB	CIN	South 	2025
3	29	M-Dogg	Patrick Mahomes	QB	KCC	South 	2025
3	30	Baby Fumblers	Omarion Hampton	RB	LAC	South 	2025
3	31	Buck Wild Roosters	Jayden Daniels	QB	WAS	South 	2025
3	32	Gridiron Guru	Brock Bowers	TE	LVR	South 	2025
3	33	Met-Life Crisis	A.J. Brown	WR	PHI	South 	2025
3	34	Banana's Bunch	Jaxon Smith-Njigba	WR	SEA	South 	2025
3	35	The Motor City Kitties	Tyreek Hill	WR	MIA	South 	2025
3	36	Tua Girls, One Kupp	George Kittle	TE	SFO	South 	2025
4	37	Tua Girls, One Kupp	Jalen Hurts	QB	PHI	South 	2025
4	38	The Motor City Kitties	Trey McBride	TE	ARI	South 	2025
4	39	Banana's Bunch	Marvin Harrison Jr.	WR	ARI	South 	2025
4	40	Met-Life Crisis	Garrett Wilson	WR	NYJ	South 	2025
4	41	Gridiron Guru	Davante Adams	WR	LAR	South 	2025
4	42	Buck Wild Roosters	Breece Hall	RB	NYJ	South 	2025
4	43	Baby Fumblers	TreVeyon Henderson	RB	NEP	South 	2025
4	44	M-Dogg	Kenneth Walker III	RB	SEA	South 	2025
4	45	Rory's Fury	Mike Evans	WR	TBB	South 	2025
4	46	Rusty Hammer	Terry McLaurin	WR	WAS	South 	2025
4	47	Return of the Moosemen	Chuba Hubbard	RB	CAR	South 	2025
4	48	Schmidts and Giggles	Xavier Worthy	WR	KCC	South 	2025
5	49	Schmidts and Giggles	James Conner	RB	ARI	South 	2025
5	50	Return of the Moosemen	D.J. Moore	WR	CHI	South 	2025
5	51	Rusty Hammer	DK Metcalf	WR	PIT	South 	2025
5	52	Rory's Fury	Courtland Sutton	WR	DEN	South 	2025
5	53	M-Dogg	DeVonta Smith	WR	PHI	South 	2025
5	54	Baby Fumblers	T.J. Hockenson	TE	MIN	South 	2025
5	55	Buck Wild Roosters	Jameson Williams	WR	DET	South 	2025
5	56	Gridiron Guru	D'Andre Swift	RB	CHI	South 	2025
5	57	Met-Life Crisis	David Montgomery	RB	DET	South 	2025
5	58	Banana's Bunch	George Pickens	WR	DAL	South 	2025
5	59	The Motor City Kitties	Sam LaPorta	TE	DET	South 	2025
5	60	Tua Girls, One Kupp	RJ Harvey	RB	DEN	South 	2025
6	61	Tua Girls, One Kupp	Calvin Ridley	WR	TEN	South 	2025
6	62	The Motor City Kitties	Jerry Jeudy	WR	CLE	South 	2025
6	63	Banana's Bunch	Aaron Jones	RB	MIN	South 	2025
6	64	Met-Life Crisis	Mark Andrews	TE	BAL	South 	2025
6	65	Gridiron Guru	Zay Flowers	WR	BAL	South 	2025
6	66	Buck Wild Roosters	Tony Pollard	RB	TEN	South 	2025
6	67	Baby Fumblers	Tetairoa McMillan	WR	CAR	South 	2025
6	68	M-Dogg	Tyrone Tracy	RB	NYG	South 	2025
6	69	Rory's Fury	Rome Odunze	WR	CHI	South 	2025
6	70	Rusty Hammer	Travis Kelce	TE	KCC	South 	2025
6	71	Return of the Moosemen	Travis Hunter	WR	JAC	South 	2025
6	72	Schmidts and Giggles	Chris Olave	WR	NOS	South 	2025
7	73	Schmidts and Giggles	David Njoku	TE	CLE	South 	2025
7	74	Return of the Moosemen	Jaylen Waddle	WR	MIA	South 	2025
7	75	Rusty Hammer	Emeka Egbuka	WR	TBB	South 	2025
7	76	Rory's Fury	Isiah Pacheco	RB	KCC	South 	2025
7	77	M-Dogg	Tyler Warren	TE	IND	South 	2025
7	78	Baby Fumblers	Jaylen Warren	RB	PIT	South 	2025
7	79	Buck Wild Roosters	Rashee Rice	WR	KCC	South 	2025
7	80	Gridiron Guru	Matthew Golden	WR	GBP	South 	2025
7	81	Met-Life Crisis	Bo Nix	QB	DEN	South 	2025
7	82	Banana's Bunch	Kaleb Johnson	RB	PIT	South 	2025
7	83	The Motor City Kitties	J.K. Dobbins	RB	DEN	South 	2025
7	84	Tua Girls, One Kupp	Jordan Addison	WR	MIN	South 	2025
8	85	Tua Girls, One Kupp	Jordan Mason	RB	MIN	South 	2025
8	86	The Motor City Kitties	Jakobi Meyers	WR	JAC	South 	2025
8	87	Banana's Bunch	Stefon Diggs	WR	NEP	South 	2025
8	88	Met-Life Crisis	Keon Coleman	WR	BUF	South 	2025
8	89	Gridiron Guru	Baker Mayfield	QB	TBB	South 	2025
8	90	Buck Wild Roosters	Evan Engram	TE	DEN	South 	2025
8	91	Baby Fumblers	Brock Purdy	QB	SFO	South 	2025
8	92	M-Dogg	Travis Etienne	RB	JAC	South 	2025
8	93	Rory's Fury	Ricky Pearsall	WR	SFO	South 	2025
8	94	Rusty Hammer	Austin Ekeler	RB	WAS	South 	2025
8	95	Return of the Moosemen	Jauan Jennings	WR	SFO	South 	2025
8	96	Schmidts and Giggles	Chris Godwin	WR	TBB	South 	2025
9	97	Schmidts and Giggles	Javonte Williams	RB	DAL	South 	2025
9	98	Return of the Moosemen	Jacory Croskey-Merritt	RB	WAS	South 	2025
9	99	Rusty Hammer	Dalton Kincaid	TE	BUF	South 	2025
9	100	Rory's Fury	Zach Charbonnet	RB	SEA	South 	2025
9	101	M-Dogg	Michael Pittman	WR	IND	South 	2025
9	102	Baby Fumblers	Deebo Samuel	WR	WAS	South 	2025
9	103	Buck Wild Roosters	Cooper Kupp	WR	SEA	South 	2025
9	104	Gridiron Guru	Quinshon Judkins	RB	CLE	South 	2025
9	105	Met-Life Crisis	Rhamondre Stevenson	RB	NEP	South 	2025
9	106	Banana's Bunch	Josh Downs	WR	IND	South 	2025
9	107	The Motor City Kitties	Rashod Bateman	WR	BAL	South 	2025
9	108	Tua Girls, One Kupp	Brandon Aiyuk	WR	SFO	South 	2025
10	109	Tua Girls, One Kupp	Trey Benson	RB	ARI	South 	2025
10	110	The Motor City Kitties	Ray Davis	RB	BUF	South 	2025
10	111	Banana's Bunch	Colston Loveland	TE	CHI	South 	2025
10	112	Met-Life Crisis	Jaydon Blue	RB	DAL	South 	2025
10	113	Gridiron Guru	Jayden Higgins	WR	HOU	South 	2025
10	114	Buck Wild Roosters	Joe Mixon	RB	HOU	South 	2025
10	115	Baby Fumblers	Cam Skattebo	RB	NYG	South 	2025
10	116	M-Dogg	Khalil Shakir	WR	BUF	South 	2025
10	117	Rory's Fury	Tucker Kraft	TE	GBP	South 	2025
10	118	Rusty Hammer	Tank Bigsby	RB	PHI	South 	2025
10	119	Return of the Moosemen	Marvin Mims	WR	DEN	South 	2025
10	120	Schmidts and Giggles	Jake Ferguson	TE	DAL	South 	2025
11	121	Schmidts and Giggles	Rashid Shaheed	WR	SEA	South 	2025
11	122	Return of the Moosemen	Kyler Murray	QB	ARI	South 	2025
11	123	Rusty Hammer	Darren Waller	TE	MIA	South 	2025
11	124	Rory's Fury	Jayden Reed	WR	GBP	South 	2025
11	125	M-Dogg	Keenan Allen	WR	LAC	South 	2025
11	126	Baby Fumblers	Darnell Mooney	WR	ATL	South 	2025
11	127	Buck Wild Roosters	Kyle Pitts	TE	ATL	South 	2025
11	128	Gridiron Guru	Dak Prescott	QB	DAL	South 	2025
11	129	Met-Life Crisis	Troy Franklin	WR	DEN	South 	2025
11	130	Banana's Bunch	Caleb Williams	QB	CHI	South 	2025
11	131	The Motor City Kitties	Tyjae Spears	RB	TEN	South 	2025
11	132	Tua Girls, One Kupp	Chris Rodriguez	RB	WAS	South 	2025
12	133	Tua Girls, One Kupp	Philadelphia Eagles	DEF	PHI	South 	2025
12	134	The Motor City Kitties	Hunter Henry	TE	NEP	South 	2025
12	135	Banana's Bunch	Braelon Allen	RB	NYJ	South 	2025
12	136	Met-Life Crisis	Jerome Ford	RB	CLE	South 	2025
12	137	Gridiron Guru	Cedric Tillman	WR	CLE	South 	2025
12	138	Buck Wild Roosters	Nick Chubb	RB	HOU	South 	2025
12	139	Baby Fumblers	Jordan Love	QB	GBP	South 	2025
12	140	M-Dogg	Zach Ertz	TE	WAS	South 	2025
12	141	Rory's Fury	Christian Kirk	WR	HOU	South 	2025
12	142	Rusty Hammer	Brenton Strange	TE	JAC	South 	2025
12	143	Return of the Moosemen	Dallas Goedert	TE	PHI	South 	2025
12	144	Schmidts and Giggles	Jared Goff	QB	DET	South 	2025
13	145	Schmidts and Giggles	Rico Dowdle	RB	CAR	South 	2025
13	146	Return of the Moosemen	J.J. McCarthy	QB	MIN	South 	2025
13	147	Rusty Hammer	Houston Texans	DEF	HOU	South 	2025
13	148	Rory's Fury	Drake Maye	QB	NEP	South 	2025
13	149	M-Dogg	Denver Broncos	DEF	DEN	South 	2025
13	150	Baby Fumblers	Rachaad White	RB	TBB	South 	2025
13	151	Buck Wild Roosters	Adam Thielen	WR	FA	South 	2025
13	152	Gridiron Guru	Demario Douglas	WR	NEP	South 	2025
13	153	Met-Life Crisis	Baltimore Ravens	DEF	BAL	South 	2025
13	154	Banana's Bunch	C.J. Stroud	QB	HOU	South 	2025
13	155	The Motor City Kitties	Justin Herbert	QB	LAC	South 	2025
13	156	Tua Girls, One Kupp	Pat Freiermuth	TE	PIT	South 	2025
14	157	Tua Girls, One Kupp	Theo Johnson	TE	NYG	South 	2025
14	158	The Motor City Kitties	Brian Robinson	RB	SFO	South 	2025
14	159	Banana's Bunch	Pittsburgh Steelers	DEF	PIT	South 	2025
14	160	Met-Life Crisis	Jake Bates	PK	DET	South 	2025
14	161	Gridiron Guru	Arizona Cardinals	DEF	ARI	South 	2025
14	162	Buck Wild Roosters	Justin Fields	QB	NYJ	South 	2025
14	163	Baby Fumblers	Minnesota Vikings	DEF	MIN	South 	2025
14	164	M-Dogg	Kendre Miller	RB	NOS	South 	2025
14	165	Rory's Fury	Buffalo Bills	DEF	BUF	South 	2025
14	166	Rusty Hammer	Devin Neal	RB	NOS	South 	2025
14	167	Return of the Moosemen	Bhayshul Tuten	RB	JAC	South 	2025
14	168	Schmidts and Giggles	Brandon Aubrey	PK	DAL	South 	2025
15	169	Schmidts and Giggles	Kansas City Chiefs	DEF	KCC	South 	2025
15	170	Return of the Moosemen	Elijah Arroyo	TE	SEA	South 	2025
15	171	Rusty Hammer	Harold Fannin	TE	CLE	South 	2025
15	172	Rory's Fury	Dylan Sampson	RB	CLE	South 	2025
15	173	M-Dogg	Harrison Butker	PK	KCC	South 	2025
15	174	Baby Fumblers	Jake Elliott	PK	PHI	South 	2025
15	175	Buck Wild Roosters	Washington Commanders	DEF	WAS	South 	2025
15	176	Gridiron Guru	Cameron Dicker	PK	LAC	South 	2025
15	177	Met-Life Crisis	Trevor Lawrence	QB	JAC	South 	2025
15	178	Banana's Bunch	Ollie Gordon	RB	MIA	South 	2025
15	179	The Motor City Kitties	Chris Boswell	PK	PIT	South 	2025
15	180	Tua Girls, One Kupp	Tyler Loop	PK	BAL	South 	2025
16	181	Tua Girls, One Kupp	Tua Tagovailoa	QB	MIA	South 	2025
16	182	The Motor City Kitties	Detroit Lions	DEF	DET	South 	2025
16	183	Banana's Bunch	Ka'imi Fairbairn	PK	HOU	South 	2025
16	184	Met-Life Crisis	Cole Kmet	TE	CHI	South 	2025
16	185	Gridiron Guru	Tyler Higbee	TE	LAR	South 	2025
16	186	Buck Wild Roosters	Cam Little	PK	JAC	South 	2025
16	187	Baby Fumblers	Marquise Brown	WR	KCC	South 	2025
16	188	M-Dogg	Michael Penix Jr.	QB	ATL	South 	2025
16	189	Rory's Fury	Tyler Bass	PK	BUF	South 	2025
16	190	Rusty Hammer	Chase McLaughlin	PK	TBB	South 	2025
16	191	Return of the Moosemen	Wil Lutz	PK	DEN	South 	2025
16	192	Schmidts and Giggles	Tyler Allgeier	RB	ATL	South 	2025
1	1	Maryland Madness	Christian McCaffrey	RB	SFO	North	2024
1	2	Steers and Beers	CeeDee Lamb	WR	DAL	North	2024
1	3	Raptors	Tyreek Hill	WR	MIA	North	2024
1	4	Rusty Hammer	Bijan Robinson	RB	ATL	North	2024
1	5	Tua Girls One Kupp	Justin Jefferson	WR	MIN	North	2024
1	6	Moose Men	Ja'Marr Chase	WR	CIN	North	2024
1	7	Rory's Fury	Breece Hall	RB	NYJ	North	2024
1	8	Hail to the Chef	Amon-Ra St. Brown	WR	DET	North	2024
1	9	Banana's Bunch	A.J. Brown	WR	PHI	North	2024
1	10	AFCCP	Garrett Wilson	WR	NYJ	North	2024
1	11	Met-Life Crisis	Saquon Barkley	RB	PHI	North	2024
1	12	Renegades	Jonathan Taylor	RB	IND	North	2024
2	13	Renegades	Davante Adams	WR	NYJ	North	2024
2	14	Met-Life Crisis	Puka Nacua	WR	LAR	North	2024
2	15	AFCCP	Chris Olave	WR	NOS	North	2024
2	16	Banana's Bunch	Drake London	WR	ATL	North	2024
2	17	Hail to the Chef	Jahmyr Gibbs	RB	DET	North	2024
2	18	Rory's Fury	Cooper Kupp	WR	LAR	North	2024
2	19	Moose Men	Kyren Williams	RB	LAR	North	2024
2	20	Tua Girls One Kupp	Derrick Henry	RB	BAL	North	2024
2	21	Rusty Hammer	Travis Etienne	RB	JAC	North	2024
2	22	Raptors	Isiah Pacheco	RB	KCC	North	2024
2	23	Steers and Beers	Rachaad White	RB	TBB	North	2024
2	24	Maryland Madness	Marvin Harrison Jr.	WR	ARI	North	2024
3	25	Maryland Madness	De'Von Achane	RB	MIA	North	2024
3	26	Steers and Beers	Deebo Samuel	WR	SFO	North	2024
3	27	Raptors	Mike Evans	WR	TBB	North	2024
3	28	Rusty Hammer	Michael Pittman	WR	IND	North	2024
3	29	Tua Girls One Kupp	Jaylen Waddle	WR	MIA	North	2024
3	30	Moose Men	Stefon Diggs	WR	HOU	North	2024
3	31	Rory's Fury	Nico Collins	WR	HOU	North	2024
3	32	Hail to the Chef	Alvin Kamara	RB	NOS	North	2024
3	33	Banana's Bunch	Sam LaPorta	TE	DET	North	2024
3	34	AFCCP	Brandon Aiyuk	WR	SFO	North	2024
3	35	Met-Life Crisis	Kenneth Walker III	RB	SEA	North	2024
3	36	Renegades	James Cook	RB	BUF	North	2024
4	37	Renegades	Travis Kelce	TE	KCC	North	2024
4	38	Met-Life Crisis	DK Metcalf	WR	SEA	North	2024
4	39	AFCCP	DeVonta Smith	WR	PHI	North	2024
4	40	Banana's Bunch	D.J. Moore	WR	CHI	North	2024
4	41	Hail to the Chef	Josh Allen	QB	BUF	North	2024
4	42	Rory's Fury	Josh Jacobs	RB	GBP	North	2024
4	43	Moose Men	Malik Nabers	WR	NYG	North	2024
4	44	Tua Girls One Kupp	Joe Mixon	RB	HOU	North	2024
4	45	Rusty Hammer	Jalen Hurts	QB	PHI	North	2024
4	46	Raptors	Patrick Mahomes	QB	KCC	North	2024
4	47	Steers and Beers	Dak Prescott	QB	DAL	North	2024
4	48	Maryland Madness	Lamar Jackson	QB	BAL	North	2024
5	49	Maryland Madness	Mark Andrews	TE	BAL	North	2024
5	50	Steers and Beers	David Montgomery	RB	DET	North	2024
5	51	Raptors	James Conner	RB	ARI	North	2024
5	52	Rusty Hammer	Trey McBride	TE	ARI	North	2024
5	53	Tua Girls One Kupp	Amari Cooper	WR	BUF	North	2024
5	54	Moose Men	Raheem Mostert	RB	MIA	North	2024
5	55	Rory's Fury	Dalton Kincaid	TE	BUF	North	2024
5	56	Hail to the Chef	Rashee Rice	WR	KCC	North	2024
5	57	Banana's Bunch	Zay Flowers	WR	BAL	North	2024
5	58	AFCCP	Kyle Pitts	TE	ATL	North	2024
5	59	Met-Life Crisis	George Pickens	WR	PIT	North	2024
5	60	Renegades	Terry McLaurin	WR	WAS	North	2024
6	61	Renegades	C.J. Stroud	QB	HOU	North	2024
6	62	Met-Life Crisis	George Kittle	TE	SFO	North	2024
6	63	AFCCP	Rhamondre Stevenson	RB	NEP	North	2024
6	64	Banana's Bunch	Aaron Jones	RB	MIN	North	2024
6	65	Hail to the Chef	Tee Higgins	WR	CIN	North	2024
6	66	Rory's Fury	Chris Godwin	WR	TBB	North	2024
6	67	Moose Men	Evan Engram	TE	JAC	North	2024
6	68	Tua Girls One Kupp	Christian Kirk	WR	JAC	North	2024
6	69	Rusty Hammer	Tank Dell	WR	HOU	North	2024
6	70	Raptors	Keenan Allen	WR	CHI	North	2024
6	71	Steers and Beers	Keon Coleman	WR	BUF	North	2024
6	72	Maryland Madness	Calvin Ridley	WR	TEN	North	2024
7	73	Maryland Madness	D'Andre Swift	RB	CHI	North	2024
7	74	Steers and Beers	Tony Pollard	RB	TEN	North	2024
7	75	Raptors	Diontae Johnson	WR	BAL	North	2024
7	76	Rusty Hammer	Zamir White	RB	LVR	North	2024
7	77	Tua Girls One Kupp	Jake Ferguson	TE	DAL	North	2024
7	78	Moose Men	Javonte Williams	RB	DEN	North	2024
7	79	Rory's Fury	Joe Burrow	QB	CIN	North	2024
7	80	Hail to the Chef	Najee Harris	RB	PIT	North	2024
7	81	Banana's Bunch	Tyjae Spears	RB	TEN	North	2024
7	82	AFCCP	Brian Robinson	RB	WAS	North	2024
7	83	Met-Life Crisis	Jerome Ford	RB	CLE	North	2024
7	84	Renegades	Chase Brown	RB	CIN	North	2024
8	85	Renegades	Jayden Reed	WR	GBP	North	2024
8	86	Met-Life Crisis	Anthony Richardson	QB	IND	North	2024
8	87	AFCCP	Devin Singletary	RB	NYG	North	2024
8	88	Banana's Bunch	Kyler Murray	QB	ARI	North	2024
8	89	Hail to the Chef	Jaxon Smith-Njigba	WR	SEA	North	2024
8	90	Rory's Fury	Xavier Worthy	WR	KCC	North	2024
8	91	Moose Men	Austin Ekeler	RB	WAS	North	2024
8	92	Tua Girls One Kupp	Jayden Daniels	QB	WAS	North	2024
8	93	Rusty Hammer	Rome Odunze	WR	CHI	North	2024
8	94	Raptors	Jaylen Warren	RB	PIT	North	2024
8	95	Steers and Beers	Christian Watson	WR	GBP	North	2024
8	96	Maryland Madness	Ladd McConkey	WR	LAC	North	2024
9	97	Maryland Madness	Jonathon Brooks	RB	CAR	North	2024
9	98	Steers and Beers	Trey Benson	RB	ARI	North	2024
9	99	Raptors	DeAndre Hopkins	WR	KCC	North	2024
9	100	Rusty Hammer	Brock Bowers	TE	LVR	North	2024
9	101	Tua Girls One Kupp	Jakobi Meyers	WR	LVR	North	2024
9	102	Moose Men	Courtland Sutton	WR	DEN	North	2024
9	103	Rory's Fury	Gus Edwards	RB	LAC	North	2024
9	104	Hail to the Chef	David Njoku	TE	CLE	North	2024
9	105	Banana's Bunch	Zack Moss	RB	CIN	North	2024
9	106	AFCCP	Jordan Love	QB	GBP	North	2024
9	107	Met-Life Crisis	Marquise Brown	WR	KCC	North	2024
9	108	Renegades	Ty Chandler	RB	MIN	North	2024
10	109	Renegades	Joshua Palmer	WR	LAC	North	2024
10	110	Met-Life Crisis	Baltimore Ravens	DEF	BAL	North	2024
10	111	AFCCP	Romeo Doubs	WR	GBP	North	2024
10	112	Banana's Bunch	Brian Thomas Jr.	WR	JAC	North	2024
10	113	Hail to the Chef	San Francisco 49ers	DEF	SFO	North	2024
10	114	Rory's Fury	Nick Chubb	RB	CLE	North	2024
10	115	Moose Men	Khalil Shakir	WR	BUF	North	2024
10	116	Tua Girls One Kupp	Chuba Hubbard	RB	CAR	North	2024
10	117	Rusty Hammer	Dallas Goedert	TE	PHI	North	2024
10	118	Raptors	Ezekiel Elliott	RB	LAC	North	2024
10	119	Steers and Beers	Troy Franklin	WR	DEN	North	2024
10	120	Maryland Madness	Brandin Cooks	WR	DAL	North	2024
11	121	Maryland Madness	Tyler Lockett	WR	SEA	North	2024
11	122	Steers and Beers	Cade Stover	TE	HOU	North	2024
11	123	Raptors	Pat Freiermuth	TE	PIT	North	2024
11	124	Rusty Hammer	Jordan Addison	WR	MIN	North	2024
11	125	Tua Girls One Kupp	Jameson Williams	WR	DET	North	2024
11	126	Moose Men	Rico Dowdle	RB	DAL	North	2024
11	127	Rory's Fury	Brock Purdy	QB	SFO	North	2024
11	128	Hail to the Chef	Jaleel McLaughlin	RB	DEN	North	2024
11	129	Banana's Bunch	Blake Corum	RB	LAR	North	2024
11	130	AFCCP	Caleb Williams	QB	CHI	North	2024
11	131	Met-Life Crisis	Tyler Allgeier	RB	ATL	North	2024
11	132	Renegades	J.K. Dobbins	RB	LAC	North	2024
12	133	Renegades	Cleveland Browns	DEF	CLE	North	2024
12	134	Met-Life Crisis	Tank Bigsby	RB	JAC	North	2024
12	135	AFCCP	Curtis Samuel	WR	BUF	North	2024
12	136	Banana's Bunch	Ray Davis	RB	BUF	North	2024
12	137	Hail to the Chef	Zach Charbonnet	RB	SEA	North	2024
12	138	Rory's Fury	Mike Williams	WR	PIT	North	2024
12	139	Moose Men	Tua Tagovailoa	QB	MIA	North	2024
12	140	Tua Girls One Kupp	Trevor Lawrence	QB	JAC	North	2024
12	141	Rusty Hammer	Antonio Gibson	RB	NEP	North	2024
12	142	Raptors	Dalton Schultz	TE	HOU	North	2024
12	143	Steers and Beers	Jaylen Wright	RB	MIA	North	2024
12	144	Maryland Madness	Ja'Lynn Polk	WR	NEP	North	2024
13	145	Maryland Madness	Jordan Mason	RB	SFO	North	2024
13	146	Steers and Beers	Dallas Cowboys	DEF	DAL	North	2024
13	147	Raptors	Jared Goff	QB	DET	North	2024
13	148	Rusty Hammer	MarShawn Lloyd	RB	GBP	North	2024
13	149	Tua Girls One Kupp	Harrison Butker	PK	KCC	North	2024
13	150	Moose Men	Bucky Irving	RB	TBB	North	2024
13	151	Rory's Fury	Khalil Herbert	RB	CIN	North	2024
13	152	Hail to the Chef	T.J. Hockenson	TE	MIN	North	2024
13	153	Banana's Bunch	Darnell Mooney	WR	ATL	North	2024
13	154	AFCCP	Tyrone Tracy	RB	NYG	North	2024
13	155	Met-Life Crisis	Adam Thielen	WR	CAR	North	2024
13	156	Renegades	Josh Downs	WR	IND	North	2024
14	157	Renegades	Justin Tucker	PK	BAL	North	2024
14	158	Met-Life Crisis	Cam Akers	RB	MIN	North	2024
14	159	AFCCP	Cole Kmet	TE	CHI	North	2024
14	160	Banana's Bunch	Kirk Cousins	QB	ATL	North	2024
14	161	Hail to the Chef	Brandon Aubrey	PK	DAL	North	2024
14	162	Rory's Fury	Jerry Jeudy	WR	CLE	North	2024
14	163	Moose Men	Andrei Iosivas	WR	CIN	North	2024
14	164	Tua Girls One Kupp	Miami Dolphins	DEF	MIA	North	2024
14	165	Rusty Hammer	Philadelphia Eagles	DEF	PHI	North	2024
14	166	Raptors	New York Jets	DEF	NYJ	North	2024
14	167	Steers and Beers	Will Reichard	PK	MIN	North	2024
14	168	Maryland Madness	New Orleans Saints	DEF	NOS	North	2024
15	169	Maryland Madness	Kimani Vidal	RB	LAC	North	2024
15	170	Steers and Beers	Jacob Cowing	WR	SFO	North	2024
15	171	Raptors	Jake Elliott	PK	PHI	North	2024
15	172	Rusty Hammer	Ka'imi Fairbairn	PK	HOU	North	2024
15	173	Tua Girls One Kupp	Tennessee Titans	DEF	TEN	North	2024
15	174	Moose Men	Pittsburgh Steelers	DEF	PIT	North	2024
15	175	Rory's Fury	Buffalo Bills	DEF	BUF	North	2024
15	176	Hail to the Chef	Justin Herbert	QB	LAC	North	2024
15	177	Banana's Bunch	Kansas City Chiefs	DEF	KCC	North	2024
15	178	AFCCP	Houston Texans	DEF	HOU	North	2024
15	179	Met-Life Crisis	Justice Hill	RB	BAL	North	2024
15	180	Renegades	Tyler Conklin	TE	NYJ	North	2024
16	181	Renegades	Aaron Rodgers	QB	NYJ	North	2024
16	182	Met-Life Crisis	Quentin Johnston	WR	LAC	North	2024
16	183	AFCCP	Younghoe Koo	PK	ATL	North	2024
16	184	Banana's Bunch	Matt Gay	PK	IND	North	2024
16	185	Hail to the Chef	Rashid Shaheed	WR	NOS	North	2024
16	186	Rory's Fury	Jake Moody	PK	SFO	North	2024
16	187	Moose Men	Cameron Dicker	PK	LAC	North	2024
16	188	Tua Girls One Kupp	Tyler Boyd	WR	TEN	North	2024
16	189	Rusty Hammer	Adonai Mitchell	WR	IND	North	2024
16	190	Raptors	Gabriel Davis	WR	JAC	North	2024
16	191	Steers and Beers	Malik Washington	WR	MIA	North	2024
16	192	Maryland Madness	Jason Sanders	PK	MIA	North	2024
1	1	The Motor City Kitties	Christian McCaffrey	RB	SFO	South 	2024
1	2	Unicorns & Creemees	CeeDee Lamb	WR	DAL	South 	2024
1	3	Gridiron Guru	Bijan Robinson	RB	ATL	South 	2024
1	4	Playoff Donkeys	Tyreek Hill	WR	MIA	South 	2024
1	5	M-Dogg	Saquon Barkley	RB	PHI	South 	2024
1	6	Buck Wild Roosters	Breece Hall	RB	NYJ	South 	2024
1	7	Cosmo's Crew	Amon-Ra St. Brown	WR	DET	South 	2024
1	8	Wookie of the Year	Jonathan Taylor	RB	IND	South 	2024
1	9	Baby Fumblers	Ja'Marr Chase	WR	CIN	South 	2024
1	10	Schmidts and Giggles	A.J. Brown	WR	PHI	South 	2024
1	11	Offensive Lyonmen	Justin Jefferson	WR	MIN	South 	2024
1	12	Poner	Garrett Wilson	WR	NYJ	South 	2024
2	13	Poner	Jahmyr Gibbs	RB	DET	South 	2024
2	14	Offensive Lyonmen	Kyren Williams	RB	LAR	South 	2024
2	15	Schmidts and Giggles	Isiah Pacheco	RB	KCC	South 	2024
2	16	Baby Fumblers	Derrick Henry	RB	BAL	South 	2024
2	17	Wookie of the Year	Marvin Harrison Jr.	WR	ARI	South 	2024
2	18	Cosmo's Crew	Puka Nacua	WR	LAR	South 	2024
2	19	Buck Wild Roosters	Josh Allen	QB	BUF	South 	2024
2	20	M-Dogg	Davante Adams	WR	NYJ	South 	2024
2	21	Playoff Donkeys	Travis Etienne	RB	JAC	South 	2024
2	22	Gridiron Guru	Cooper Kupp	WR	LAR	South 	2024
2	23	Unicorns & Creemees	Drake London	WR	ATL	South 	2024
2	24	The Motor City Kitties	Travis Kelce	TE	KCC	South 	2024
3	25	The Motor City Kitties	Mike Evans	WR	TBB	South 	2024
3	26	Unicorns & Creemees	Sam LaPorta	TE	DET	South 	2024
3	27	Gridiron Guru	Rachaad White	RB	TBB	South 	2024
3	28	Playoff Donkeys	Chris Olave	WR	NOS	South 	2024
3	29	M-Dogg	Alvin Kamara	RB	NOS	South 	2024
3	30	Buck Wild Roosters	D.J. Moore	WR	CHI	South 	2024
3	31	Cosmo's Crew	De'Von Achane	RB	MIA	South 	2024
3	32	Wookie of the Year	Michael Pittman	WR	IND	South 	2024
3	33	Baby Fumblers	Deebo Samuel	WR	SFO	South 	2024
3	34	Schmidts and Giggles	Jalen Hurts	QB	PHI	South 	2024
3	35	Offensive Lyonmen	Nico Collins	WR	HOU	South 	2024
3	36	Poner	Patrick Mahomes	QB	KCC	South 	2024
4	37	Poner	Jaylen Waddle	WR	MIA	South 	2024
4	38	Offensive Lyonmen	James Cook	RB	BUF	South 	2024
4	39	Schmidts and Giggles	Joe Mixon	RB	HOU	South 	2024
4	40	Baby Fumblers	Kenneth Walker III	RB	SEA	South 	2024
4	41	Wookie of the Year	Lamar Jackson	QB	BAL	South 	2024
4	42	Cosmo's Crew	DeVonta Smith	WR	PHI	South 	2024
4	43	Buck Wild Roosters	DK Metcalf	WR	SEA	South 	2024
4	44	M-Dogg	Mark Andrews	TE	BAL	South 	2024
4	45	Playoff Donkeys	Brandon Aiyuk	WR	SFO	South 	2024
4	46	Gridiron Guru	Stefon Diggs	WR	HOU	South 	2024
4	47	Unicorns & Creemees	Josh Jacobs	RB	GBP	South 	2024
4	48	The Motor City Kitties	Malik Nabers	WR	NYG	South 	2024
5	49	The Motor City Kitties	David Montgomery	RB	DET	South 	2024
5	50	Unicorns & Creemees	Zay Flowers	WR	BAL	South 	2024
5	51	Gridiron Guru	Amari Cooper	WR	BUF	South 	2024
5	52	Playoff Donkeys	Trey McBride	TE	ARI	South 	2024
5	53	M-Dogg	Tee Higgins	WR	CIN	South 	2024
5	54	Buck Wild Roosters	Evan Engram	TE	JAC	South 	2024
5	55	Cosmo's Crew	James Conner	RB	ARI	South 	2024
5	56	Wookie of the Year	Rhamondre Stevenson	RB	NEP	South 	2024
5	57	Baby Fumblers	George Pickens	WR	PIT	South 	2024
5	58	Schmidts and Giggles	Chris Godwin	WR	TBB	South 	2024
5	59	Offensive Lyonmen	D'Andre Swift	RB	CHI	South 	2024
5	60	Poner	Dalton Kincaid	TE	BUF	South 	2024
6	61	Poner	Rashee Rice	WR	KCC	South 	2024
6	62	Offensive Lyonmen	Kyle Pitts	TE	ATL	South 	2024
6	63	Schmidts and Giggles	Tony Pollard	RB	TEN	South 	2024
6	64	Baby Fumblers	Anthony Richardson	QB	IND	South 	2024
6	65	Wookie of the Year	George Kittle	TE	SFO	South 	2024
6	66	Cosmo's Crew	Aaron Jones	RB	MIN	South 	2024
6	67	Buck Wild Roosters	Zamir White	RB	LVR	South 	2024
6	68	M-Dogg	Dak Prescott	QB	DAL	South 	2024
6	69	Playoff Donkeys	C.J. Stroud	QB	HOU	South 	2024
6	70	Gridiron Guru	Kyler Murray	QB	ARI	South 	2024
6	71	Unicorns & Creemees	Terry McLaurin	WR	WAS	South 	2024
6	72	The Motor City Kitties	Najee Harris	RB	PIT	South 	2024
7	73	The Motor City Kitties	Keenan Allen	WR	CHI	South 	2024
7	74	Unicorns & Creemees	Raheem Mostert	RB	MIA	South 	2024
7	75	Gridiron Guru	Calvin Ridley	WR	TEN	South 	2024
7	76	Playoff Donkeys	Tank Dell	WR	HOU	South 	2024
7	77	M-Dogg	Christian Kirk	WR	JAC	South 	2024
7	78	Buck Wild Roosters	Christian Watson	WR	GBP	South 	2024
7	79	Cosmo's Crew	Jordan Love	QB	GBP	South 	2024
7	80	Wookie of the Year	Javonte Williams	RB	DEN	South 	2024
7	81	Baby Fumblers	Jayden Reed	WR	GBP	South 	2024
7	82	Schmidts and Giggles	Adam Thielen	WR	CAR	South 	2024
7	83	Offensive Lyonmen	Joe Burrow	QB	CIN	South 	2024
7	84	Poner	Diontae Johnson	WR	BAL	South 	2024
8	85	Poner	Brian Robinson	RB	WAS	South 	2024
8	86	Offensive Lyonmen	Marquise Brown	WR	KCC	South 	2024
8	87	Schmidts and Giggles	Jake Ferguson	TE	DAL	South 	2024
8	88	Baby Fumblers	David Njoku	TE	CLE	South 	2024
8	89	Wookie of the Year	Zack Moss	RB	CIN	South 	2024
8	90	Cosmo's Crew	Xavier Worthy	WR	KCC	South 	2024
8	91	Buck Wild Roosters	Devin Singletary	RB	NYG	South 	2024
8	92	M-Dogg	Jaylen Warren	RB	PIT	South 	2024
8	93	Playoff Donkeys	DeAndre Hopkins	WR	KCC	South 	2024
8	94	Gridiron Guru	Brock Bowers	TE	LVR	South 	2024
8	95	Unicorns & Creemees	Jaxon Smith-Njigba	WR	SEA	South 	2024
8	96	The Motor City Kitties	Keon Coleman	WR	BUF	South 	2024
9	97	The Motor City Kitties	Tua Tagovailoa	QB	MIA	South 	2024
9	98	Unicorns & Creemees	Tyjae Spears	RB	TEN	South 	2024
9	99	Gridiron Guru	Rome Odunze	WR	CHI	South 	2024
9	100	Playoff Donkeys	Austin Ekeler	RB	WAS	South 	2024
9	101	M-Dogg	Chase Brown	RB	CIN	South 	2024
9	102	Buck Wild Roosters	Joshua Palmer	WR	LAC	South 	2024
9	103	Cosmo's Crew	Ladd McConkey	WR	LAC	South 	2024
9	104	Wookie of the Year	Courtland Sutton	WR	DEN	South 	2024
9	105	Baby Fumblers	Jonathon Brooks	RB	CAR	South 	2024
9	106	Schmidts and Giggles	Gus Edwards	RB	LAC	South 	2024
9	107	Offensive Lyonmen	Blake Corum	RB	LAR	South 	2024
9	108	Poner	Jerome Ford	RB	CLE	South 	2024
10	109	Poner	Nick Chubb	RB	CLE	South 	2024
10	110	Offensive Lyonmen	Romeo Doubs	WR	GBP	South 	2024
10	111	Schmidts and Giggles	Justin Tucker	PK	BAL	South 	2024
10	112	Baby Fumblers	Jameson Williams	WR	DET	South 	2024
10	113	Wookie of the Year	Tyler Lockett	WR	SEA	South 	2024
10	114	Cosmo's Crew	Dallas Goedert	TE	PHI	South 	2024
10	115	Buck Wild Roosters	Ezekiel Elliott	RB	DAL	South 	2024
10	116	M-Dogg	Brian Thomas Jr.	WR	JAC	South 	2024
10	117	Playoff Donkeys	Chuba Hubbard	RB	CAR	South 	2024
10	118	Gridiron Guru	Jayden Daniels	QB	WAS	South 	2024
10	119	Unicorns & Creemees	Trey Benson	RB	ARI	South 	2024
10	120	The Motor City Kitties	Erick All	TE	CIN	South 	2024
11	121	The Motor City Kitties	Malachi Corley	WR	NYJ	South 	2024
11	122	Unicorns & Creemees	Brock Purdy	QB	SFO	South 	2024
11	123	Gridiron Guru	T.J. Hockenson	TE	MIN	South 	2024
11	124	Playoff Donkeys	Jakobi Meyers	WR	LVR	South 	2024
11	125	M-Dogg	Antonio Gibson	RB	NEP	South 	2024
11	126	Buck Wild Roosters	Baltimore Ravens	DEF	BAL	South 	2024
11	127	Cosmo's Crew	Jaleel McLaughlin	RB	DEN	South 	2024
11	128	Wookie of the Year	Brandon Aubrey	PK	DAL	South 	2024
11	129	Baby Fumblers	Caleb Williams	QB	CHI	South 	2024
11	130	Schmidts and Giggles	Jordan Addison	WR	MIN	South 	2024
11	131	Offensive Lyonmen	Demario Douglas	WR	NEP	South 	2024
11	132	Poner	Zach Charbonnet	RB	SEA	South 	2024
12	133	Poner	Khalil Shakir	WR	BUF	South 	2024
12	134	Offensive Lyonmen	Trevor Lawrence	QB	JAC	South 	2024
12	135	Schmidts and Giggles	Brandin Cooks	WR	DAL	South 	2024
12	136	Baby Fumblers	Ray Davis	RB	BUF	South 	2024
12	137	Wookie of the Year	Rashid Shaheed	WR	NOS	South 	2024
12	138	Cosmo's Crew	Jared Goff	QB	DET	South 	2024
12	139	Buck Wild Roosters	Curtis Samuel	WR	BUF	South 	2024
12	140	M-Dogg	Mike Williams	WR	PIT	South 	2024
12	141	Playoff Donkeys	Rico Dowdle	RB	DAL	South 	2024
12	142	Gridiron Guru	J.K. Dobbins	RB	LAC	South 	2024
12	143	Unicorns & Creemees	Jaylen Wright	RB	MIA	South 	2024
12	144	The Motor City Kitties	Roman Wilson	WR	PIT	South 	2024
13	145	The Motor City Kitties	Javon Baker	WR	NEP	South 	2024
13	146	Unicorns & Creemees	Kirk Cousins	QB	ATL	South 	2024
13	147	Gridiron Guru	Dontayvion Wicks	WR	GBP	South 	2024
13	148	Playoff Donkeys	San Francisco 49ers	DEF	SFO	South 	2024
13	149	M-Dogg	Dallas Cowboys	DEF	DAL	South 	2024
13	150	Buck Wild Roosters	Jordan Mason	RB	SFO	South 	2024
13	151	Cosmo's Crew	Bucky Irving	RB	TBB	South 	2024
13	152	Wookie of the Year	New York Jets	DEF	NYJ	South 	2024
13	153	Baby Fumblers	Tyler Conklin	TE	NYJ	South 	2024
13	154	Schmidts and Giggles	Aaron Rodgers	QB	NYJ	South 	2024
13	155	Offensive Lyonmen	Cleveland Browns	DEF	CLE	South 	2024
13	156	Poner	Ty Chandler	RB	MIN	South 	2024
14	157	Poner	Adonai Mitchell	WR	IND	South 	2024
14	158	Offensive Lyonmen	Michael Wilson	WR	ARI	South 	2024
14	159	Schmidts and Giggles	Buffalo Bills	DEF	BUF	South 	2024
14	160	Baby Fumblers	Pittsburgh Steelers	DEF	PIT	South 	2024
14	161	Wookie of the Year	Dalton Schultz	TE	HOU	South 	2024
14	162	Cosmo's Crew	Isaiah Likely	TE	BAL	South 	2024
14	163	Buck Wild Roosters	Harrison Butker	PK	KCC	South 	2024
14	164	M-Dogg	Jake Elliott	PK	PHI	South 	2024
14	165	Playoff Donkeys	Tyler Allgeier	RB	ATL	South 	2024
14	166	Gridiron Guru	Ja'Lynn Polk	WR	NEP	South 	2024
14	167	Unicorns & Creemees	Hunter Henry	TE	NEP	South 	2024
14	168	The Motor City Kitties	Dylan Laube	RB	LVR	South 	2024
15	169	The Motor City Kitties	Kansas City Chiefs	DEF	KCC	South 	2024
15	170	Unicorns & Creemees	Miami Dolphins	DEF	MIA	South 	2024
15	171	Gridiron Guru	Ka'imi Fairbairn	PK	HOU	South 	2024
15	172	Playoff Donkeys	Braelon Allen	RB	NYJ	South 	2024
15	173	M-Dogg	Matthew Stafford	QB	LAR	South 	2024
15	174	Buck Wild Roosters	Mike Gesicki	TE	CIN	South 	2024
15	175	Cosmo's Crew	Houston Texans	DEF	HOU	South 	2024
15	176	Wookie of the Year	Luke Musgrave	TE	GBP	South 	2024
15	177	Baby Fumblers	Audric Estime	RB	DEN	South 	2024
15	178	Schmidts and Giggles	Cole Kmet	TE	CHI	South 	2024
15	179	Offensive Lyonmen	Gabriel Davis	WR	JAC	South 	2024
15	180	Poner	Younghoe Koo	PK	ATL	South 	2024
16	181	Poner	Seattle Seahawks	DEF	SEA	South 	2024
16	182	Offensive Lyonmen	Jason Myers	PK	SEA	South 	2024
16	183	Schmidts and Giggles	Juwan Johnson	TE	NOS	South 	2024
16	184	Baby Fumblers	Cameron Dicker	PK	LAC	South 	2024
16	185	Wookie of the Year	Marvin Mims	WR	DEN	South 	2024
16	186	Cosmo's Crew	Matt Gay	PK	IND	South 	2024
16	187	Buck Wild Roosters	Justin Herbert	QB	LAC	South 	2024
16	188	M-Dogg	Jerry Jeudy	WR	CLE	South 	2024
16	189	Playoff Donkeys	Jake Moody	PK	SFO	South 	2024
16	190	Gridiron Guru	Cincinnati Bengals	DEF	CIN	South 	2024
16	191	Unicorns & Creemees	Tyler Bass	PK	BUF	South 	2024
16	192	The Motor City Kitties	Evan McPherson	PK	CIN	South 	2024
1	1	Moose Men	Justin Jefferson	WR	MIN	North	2023
1	2	Tua Girls One Kupp	Travis Kelce	TE	KC	North	2023
1	3	Steers and Beers	Stefon Diggs	WR	BUF	North	2023
1	4	Banana's Bunch	Austin Ekeler	RB	LAC	North	2023
1	5	Rusty Hammer	Ja'Marr Chase	WR	CIN	North	2023
1	6	Poner	Christian McCaffrey	RB	SF	North	2023
1	7	Water Rats	Josh Allen	QB	BUF	North	2023
1	8	Maryland Madness	Cooper Kupp	WR	LAR	North	2023
1	9	Hail to the Chef	Bijan Robinson	RB	ATL	North	2023
1	10	Playoff Donkeys	Tyreek Hill	WR	MIA	North	2023
1	11	AFCCP	Saquon Barkley	RB	NYG	North	2023
1	12	Offensive Lyonmen	Davante Adams	WR	LV	North	2023
2	13	Offensive Lyonmen	Nick Chubb	RB	CLE	North	2023
2	14	AFCCP	Patrick Mahomes	QB	KC	North	2023
2	15	Playoff Donkeys	CeeDee Lamb	WR	DAL	North	2023
2	16	Hail to the Chef	Derrick Henry	RB	TEN	North	2023
2	17	Maryland Madness	Tony Pollard	RB	DAL	North	2023
2	18	Water Rats	A.J. Brown	WR	PHI	North	2023
2	19	Poner	Amon-Ra St. Brown	WR	DET	North	2023
2	20	Rusty Hammer	Jalen Hurts	QB	PHI	North	2023
2	21	Banana's Bunch	Garrett Wilson	WR	NYJ	North	2023
2	22	Steers and Beers	Dak Prescott	QB	DAL	North	2023
2	23	Tua Girls One Kupp	Calvin Ridley	WR	JAX	North	2023
2	24	Moose Men	Josh Jacobs	RB	LV	North	2023
3	25	Moose Men	Jaylen Waddle	WR	MIA	North	2023
3	26	Tua Girls One Kupp	Jahmyr Gibbs	RB	DET	North	2023
3	27	Steers and Beers	DeVonta Smith	WR	PHI	North	2023
3	28	Banana's Bunch	Chris Olave	WR	NO	North	2023
3	29	Rusty Hammer	Najee Harris	RB	PIT	North	2023
3	30	Poner	Mark Andrews	TE	BAL	North	2023
3	31	Water Rats	George Kittle	TE	SF	North	2023
3	32	Maryland Madness	Joe Mixon	RB	CIN	North	2023
3	33	Hail to the Chef	Joe Burrow	QB	CIN	North	2023
3	34	Playoff Donkeys	Keenan Allen	WR	LAC	North	2023
3	35	AFCCP	DK Metcalf	WR	SEA	North	2023
3	36	Offensive Lyonmen	Tee Higgins	WR	CIN	North	2023
4	37	Offensive Lyonmen	Travis Etienne	RB	JAX	North	2023
4	38	AFCCP	Jonathan Taylor	RB	IND	North	2023
4	39	Playoff Donkeys	Rhamondre Stevenson	RB	NE	North	2023
4	40	Hail to the Chef	Amari Cooper	WR	CLE	North	2023
4	41	Maryland Madness	T.J. Hockenson	TE	MIN	North	2023
4	42	Water Rats	Miles Sanders	RB	CAR	North	2023
4	43	Poner	Lamar Jackson	QB	BAL	North	2023
4	44	Rusty Hammer	Aaron Jones	RB	GB	North	2023
4	45	Banana's Bunch	Justin Herbert	QB	LAC	North	2023
4	46	Steers and Beers	James Conner	RB	ARI	North	2023
4	47	Tua Girls One Kupp	J.K. Dobbins	RB	BAL	North	2023
4	48	Moose Men	Kenneth Walker III	RB	SEA	North	2023
5	49	Moose Men	Chris Godwin	WR	TB	North	2023
5	50	Tua Girls One Kupp	Justin Fields	QB	CHI	North	2023
5	51	Steers and Beers	Deebo Samuel	WR	SF	North	2023
5	52	Banana's Bunch	Alexander Mattison	RB	MIN	North	2023
5	53	Rusty Hammer	Christian Watson	WR	GB	North	2023
5	54	Poner	Breece Hall	RB	NYJ	North	2023
5	55	Water Rats	Tyler Lockett	WR	SEA	North	2023
5	56	Maryland Madness	Mike Williams	WR	LAC	North	2023
5	57	Hail to the Chef	Dameon Pierce	RB	HOU	North	2023
5	58	Playoff Donkeys	DeAndre Hopkins	WR	TEN	North	2023
5	59	AFCCP	Darren Waller	TE	NYG	North	2023
5	60	Offensive Lyonmen	D.J. Moore	WR	CHI	North	2023
6	61	Offensive Lyonmen	Trevor Lawrence	QB	JAX	North	2023
6	62	AFCCP	Terry McLaurin	WR	WAS	North	2023
6	63	Playoff Donkeys	Rachaad White	RB	TB	North	2023
6	64	Hail to the Chef	Brandon Aiyuk	WR	SF	North	2023
6	65	Maryland Madness	Alvin Kamara	RB	NO	North	2023
6	66	Water Rats	Antonio Gibson	RB	WAS	North	2023
6	67	Poner	Diontae Johnson	WR	PIT	North	2023
6	68	Rusty Hammer	Dallas Goedert	TE	PHI	North	2023
6	69	Banana's Bunch	Drake London	WR	ATL	North	2023
6	70	Steers and Beers	Dalvin Cook	RB	BAL	North	2023
6	71	Tua Girls One Kupp	Mike Evans	WR	TB	North	2023
6	72	Moose Men	Christian Kirk	WR	JAX	North	2023
7	73	Moose Men	James Cook	RB	BUF	North	2023
7	74	Tua Girls One Kupp	David Montgomery	RB	DET	North	2023
7	75	Steers and Beers	Evan Engram	TE	JAX	North	2023
7	76	Banana's Bunch	Cam Akers	RB	MIN	North	2023
7	77	Rusty Hammer	Isiah Pacheco	RB	KC	North	2023
7	78	Poner	Michael Pittman	WR	IND	North	2023
7	79	Water Rats	Kyle Pitts	TE	ATL	North	2023
7	80	Maryland Madness	Javonte Williams	RB	DEN	North	2023
7	81	Hail to the Chef	D'Andre Swift	RB	PHI	North	2023
7	82	Playoff Donkeys	Pat Freiermuth	TE	PIT	North	2023
7	83	AFCCP	Jordan Addison	WR	MIN	North	2023
7	84	Offensive Lyonmen	Khalil Herbert	RB	CHI	North	2023
8	85	Offensive Lyonmen	Courtland Sutton	WR	DEN	North	2023
8	86	AFCCP	Zay Flowers	WR	BAL	North	2023
8	87	Playoff Donkeys	Tua Tagovailoa	QB	MIA	North	2023
8	88	Hail to the Chef	Jerry Jeudy	WR	DEN	North	2023
8	89	Maryland Madness	Marquise Brown	WR	ARI	North	2023
8	90	Water Rats	Michael Thomas	WR	NO	North	2023
8	91	Poner	Jahan Dotson	WR	WAS	North	2023
8	92	Rusty Hammer	Zach Charbonnet	RB	SEA	North	2023
8	93	Banana's Bunch	Brandin Cooks	WR	DAL	North	2023
8	94	Steers and Beers	Brian Robinson	RB	WAS	North	2023
8	95	Tua Girls One Kupp	D.J. Chark	WR	CAR	North	2023
8	96	Moose Men	JuJu Smith-Schuster	WR	NE	North	2023
9	97	Moose Men	AJ Dillon	RB	GB	North	2023
9	98	Tua Girls One Kupp	Jaylen Warren	RB	PIT	North	2023
9	99	Steers and Beers	Quentin Johnston	WR	LAC	North	2023
9	100	Banana's Bunch	George Pickens	WR	PIT	North	2023
9	101	Rusty Hammer	Dalton Kincaid	TE	BUF	North	2023
9	102	Poner	Jamaal Williams	RB	NO	North	2023
9	103	Water Rats	Ezekiel Elliott	RB	NE	North	2023
9	104	Maryland Madness	Samaje Perine	RB	DEN	North	2023
9	105	Hail to the Chef	Gabriel Davis	WR	BUF	North	2023
9	106	Playoff Donkeys	Deshaun Watson	QB	CLE	North	2023
9	107	AFCCP	De'Von Achane	RB	MIA	North	2023
9	108	Offensive Lyonmen	Skyy Moore	WR	KC	North	2023
10	109	Offensive Lyonmen	Aaron Rodgers	QB	NYJ	North	2023
10	110	AFCCP	Jerick McKinnon	RB	KC	North	2023
10	111	Playoff Donkeys	Raheem Mostert	RB	MIA	North	2023
10	112	Hail to the Chef	David Njoku	TE	CLE	North	2023
10	113	Maryland Madness	Geno Smith	QB	SEA	North	2023
10	114	Water Rats	Russell Wilson	QB	DEN	North	2023
10	115	Poner	Jaxon Smith-Njigba	WR	SEA	North	2023
10	116	Rusty Hammer	Treylon Burks	WR	TEN	North	2023
10	117	Banana's Bunch	Tank Bigsby	RB	JAX	North	2023
10	118	Steers and Beers	Cedric Tillman	WR	CLE	North	2023
10	119	Tua Girls One Kupp	Jared Goff	QB	DET	North	2023
10	120	Moose Men	Odell Beckham	WR	BAL	North	2023
11	121	Moose Men	Devin Singletary	RB	HOU	North	2023
11	122	Tua Girls One Kupp	Jameson Williams	WR	DET	North	2023
11	123	Steers and Beers	Kirk Cousins	QB	MIN	North	2023
11	124	Banana's Bunch	Tyler Higbee	TE	LAR	North	2023
11	125	Rusty Hammer	Jakobi Meyers	WR	LV	North	2023
11	126	Poner	Rashaad Penny	RB	PHI	North	2023
11	127	Water Rats	Adam Thielen	WR	CAR	North	2023
11	128	Maryland Madness	Nico Collins	WR	HOU	North	2023
11	129	Hail to the Chef	Tyler Allgeier	RB	ATL	North	2023
11	130	Playoff Donkeys	San Francisco 49ers	Def	SF	North	2023
11	131	AFCCP	Derek Carr	QB	NO	North	2023
11	132	Offensive Lyonmen	Kadarius Toney	WR	KC	North	2023
12	133	Offensive Lyonmen	Damien Harris	RB	BUF	North	2023
12	134	AFCCP	Allen Lazard	WR	NYJ	North	2023
12	135	Playoff Donkeys	Elijah Moore	WR	CLE	North	2023
12	136	Hail to the Chef	Daniel Jones	QB	NYG	North	2023
12	137	Maryland Madness	Chigoziem Okonkwo	TE	TEN	North	2023
12	138	Water Rats	Justin Tucker	PK	BAL	North	2023
12	139	Poner	Elijah Mitchell	RB	SF	North	2023
12	140	Rusty Hammer	Buffalo Bills	Def	BUF	North	2023
12	141	Banana's Bunch	Tyjae Spears	RB	TEN	North	2023
12	142	Steers and Beers	Harrison Butker	PK	KC	North	2023
12	143	Tua Girls One Kupp	Philadelphia Eagles	Def	PHI	North	2023
12	144	Moose Men	Dalton Schultz	TE	HOU	North	2023
13	145	Moose Men	Jimmy Garoppolo	QB	LV	North	2023
13	146	Tua Girls One Kupp	Tyler Boyd	WR	CIN	North	2023
13	147	Steers and Beers	Dallas Cowboys	Def	DAL	North	2023
13	148	Banana's Bunch	New England Patriots	Def	NE	North	2023
13	149	Rusty Hammer	Cole Kmet	TE	CHI	North	2023
13	150	Poner	Anthony Richardson	QB	IND	North	2023
13	151	Water Rats	Kansas City Chiefs	Def	KC	North	2023
13	152	Maryland Madness	Baltimore Ravens	Def	BAL	North	2023
13	153	Hail to the Chef	Pittsburgh Steelers	Def	PIT	North	2023
13	154	Playoff Donkeys	Kenneth Gainwell	RB	PHI	North	2023
13	155	AFCCP	Juwan Johnson	TE	NO	North	2023
13	156	Offensive Lyonmen	Kyren Williams	RB	LAR	North	2023
14	157	Offensive Lyonmen	Michael Gallup	WR	DAL	North	2023
14	158	AFCCP	Zay Jones	WR	JAX	North	2023
14	159	Playoff Donkeys	Rashod Bateman	WR	BAL	North	2023
14	160	Hail to the Chef	Romeo Doubs	WR	GB	North	2023
14	161	Maryland Madness	Van Jefferson	WR	ATL	North	2023
14	162	Water Rats	Jake Elliott	PK	PHI	North	2023
14	163	Poner	Chuba Hubbard	RB	CAR	North	2023
14	164	Rusty Hammer	Daniel Carlson	PK	LV	North	2023
14	165	Banana's Bunch	Sam LaPorta	TE	DET	North	2023
14	166	Steers and Beers	Tucker Kraft	TE	GB	North	2023
14	167	Tua Girls One Kupp	Jacksonville Jaguars	Def	JAX	North	2023
14	168	Moose Men	Zach Ertz	TE	FA	North	2023
15	169	Moose Men	Darius Slayton	WR	NYG	North	2023
15	170	Tua Girls One Kupp	Cameron Dicker	PK	LAC	North	2023
15	171	Steers and Beers	Josh Downs	WR	IND	North	2023
15	172	Banana's Bunch	Jonathan Mingo	WR	CAR	North	2023
15	173	Rusty Hammer	Michael Mayer	TE	LV	North	2023
15	174	Poner	New Orleans Saints	Def	NO	North	2023
15	175	Water Rats	Latavius Murray	RB	BUF	North	2023
15	176	Maryland Madness	Marquez Valdes-Scantling	WR	KC	North	2023
15	177	Hail to the Chef	Greg Dulcich	TE	DEN	North	2023
15	178	Playoff Donkeys	Tyler Bass	PK	BUF	North	2023
15	179	AFCCP	Cleveland Browns	Def	CLE	North	2023
15	180	Offensive Lyonmen	Evan McPherson	PK	CIN	North	2023
16	181	Offensive Lyonmen	Jake Ferguson	TE	DAL	North	2023
16	182	AFCCP	Rondale Moore	WR	ARI	North	2023
16	183	Playoff Donkeys	Roschon Johnson	RB	CHI	North	2023
16	184	Hail to the Chef	Younghoe Koo	PK	ATL	North	2023
16	185	Maryland Madness	Chad Ryland	PK	NE	North	2023
16	186	Water Rats	Green Bay Packers	Def	GB	North	2023
16	187	Poner	Evan Hull	RB	IND	North	2023
16	188	Rusty Hammer	Israel Abanikanda	RB	NYJ	North	2023
16	189	Banana's Bunch	Matthew Stafford	QB	LAR	North	2023
16	190	Steers and Beers	Zach Evans	RB	LAR	North	2023
16	191	Tua Girls One Kupp	Zack Moss	RB	IND	North	2023
16	192	Moose Men	New York Jets	Def	NYJ	North	2023
17	193	Moose Men	Chris Boswell	PK	PIT	North	2023
17	194	Tua Girls One Kupp	D'Onta Foreman	RB	CHI	North	2023
17	195	Steers and Beers	Darnell Washington	TE	PIT	North	2023
17	196	Banana's Bunch	Matt Gay	PK	IND	North	2023
17	197	Rusty Hammer	Trey Palmer	WR	TB	North	2023
17	198	Poner	Jason Myers	PK	SEA	North	2023
17	199	Water Rats	Curtis Samuel	WR	WAS	North	2023
17	200	Maryland Madness	Jordan Love	QB	GB	North	2023
17	201	Hail to the Chef	Miami Dolphins	Def	MIA	North	2023
17	202	Playoff Donkeys	Jeffery Wilson	RB	MIA	North	2023
17	203	AFCCP	Greg Joseph	PK	MIN	North	2023
17	204	Offensive Lyonmen	Cincinnati Bengals	Def	CIN	North	2023
1	1	Unicorns & Creemees	Justin Jefferson	WR	MIN	South 	2023
1	2	Schmidts and Giggles	Austin Ekeler	RB	LAC	South 	2023
1	3	Wookie of the Year	Ja'Marr Chase	WR	CIN	South 	2023
1	4	Gridiron Guru	Christian McCaffrey	RB	SFO	South 	2023
1	5	Raptors	Cooper Kupp	WR	LAR	South 	2023
1	6	Baby Fumblers	Tyreek Hill	WR	MIA	South 	2023
1	7	The Motor City Kitties	Stefon Diggs	WR	BUF	South 	2023
1	8	M-Dogg	Bijan Robinson	RB	ATL	South 	2023
1	9	Cosmo's Crew	Travis Kelce	TE	KCC	South 	2023
1	10	Buck Wild Roosters	Nick Chubb	RB	CLE	South 	2023
1	11	Renegades	CeeDee Lamb	WR	DAL	South 	2023
1	12	Rory's Fury	Saquon Barkley	RB	NYG	South 	2023
2	13	Rory's Fury	A.J. Brown	WR	PHI	South 	2023
2	14	Renegades	Davante Adams	WR	LVR	South 	2023
2	15	Buck Wild Roosters	Josh Allen	QB	BUF	South 	2023
2	16	Cosmo's Crew	Patrick Mahomes	QB	KCC	South 	2023
2	17	M-Dogg	Amon-Ra St. Brown	WR	DET	South 	2023
2	18	The Motor City Kitties	Derrick Henry	RB	TEN	South 	2023
2	19	Baby Fumblers	Garrett Wilson	WR	NYJ	South 	2023
2	20	Raptors	Tony Pollard	RB	DAL	South 	2023
2	21	Gridiron Guru	Chris Olave	WR	NOS	South 	2023
2	22	Wookie of the Year	Jalen Hurts	QB	PHI	South 	2023
2	23	Schmidts and Giggles	Josh Jacobs	RB	LVR	South 	2023
2	24	Unicorns & Creemees	Jaylen Waddle	WR	MIA	South 	2023
3	25	Unicorns & Creemees	Jahmyr Gibbs	RB	DET	South 	2023
3	26	Schmidts and Giggles	DK Metcalf	WR	SEA	South 	2023
3	27	Wookie of the Year	Jonathan Taylor	RB	IND	South 	2023
3	28	Gridiron Guru	Travis Etienne	RB	JAC	South 	2023
3	29	Raptors	DeVonta Smith	WR	PHI	South 	2023
3	30	Baby Fumblers	Najee Harris	RB	PIT	South 	2023
3	31	The Motor City Kitties	Tee Higgins	WR	CIN	South 	2023
3	32	M-Dogg	Keenan Allen	WR	LAC	South 	2023
3	33	Cosmo's Crew	Rhamondre Stevenson	RB	NEP	South 	2023
3	34	Buck Wild Roosters	Mark Andrews	TE	BAL	South 	2023
3	35	Renegades	Lamar Jackson	QB	BAL	South 	2023
3	36	Rory's Fury	Joe Mixon	RB	CIN	South 	2023
4	37	Rory's Fury	Calvin Ridley	WR	JAC	South 	2023
4	38	Renegades	Aaron Jones	RB	GBP	South 	2023
4	39	Buck Wild Roosters	Amari Cooper	WR	CLE	South 	2023
4	40	Cosmo's Crew	Tyler Lockett	WR	SEA	South 	2023
4	41	M-Dogg	T.J. Hockenson	TE	MIN	South 	2023
4	42	The Motor City Kitties	Kenneth Walker III	RB	SEA	South 	2023
4	43	Baby Fumblers	Deebo Samuel	WR	SFO	South 	2023
4	44	Raptors	Chris Godwin	WR	TBB	South 	2023
4	45	Gridiron Guru	Joe Burrow	QB	CIN	South 	2023
4	46	Wookie of the Year	Breece Hall	RB	NYJ	South 	2023
4	47	Schmidts and Giggles	DeAndre Hopkins	WR	TEN	South 	2023
4	48	Unicorns & Creemees	Dameon Pierce	RB	HOU	South 	2023
5	49	Unicorns & Creemees	Christian Watson	WR	GBP	South 	2023
5	50	Schmidts and Giggles	D'Andre Swift	RB	PHI	South 	2023
5	51	Wookie of the Year	D.J. Moore	WR	CHI	South 	2023
5	52	Gridiron Guru	Darren Waller	TE	NYG	South 	2023
5	53	Raptors	Justin Fields	QB	CHI	South 	2023
5	54	Baby Fumblers	Justin Herbert	QB	LAC	South 	2023
5	55	The Motor City Kitties	George Kittle	TE	SFO	South 	2023
5	56	M-Dogg	Trevor Lawrence	QB	JAC	South 	2023
5	57	Cosmo's Crew	Alexander Mattison	RB	MIN	South 	2023
5	58	Buck Wild Roosters	J.K. Dobbins	RB	BAL	South 	2023
5	59	Renegades	Rachaad White	RB	TBB	South 	2023
5	60	Rory's Fury	Drake London	WR	ATL	South 	2023
6	61	Rory's Fury	Dallas Goedert	TE	PHI	South 	2023
6	62	Renegades	Kyle Pitts	TE	ATL	South 	2023
6	63	Buck Wild Roosters	Diontae Johnson	WR	PIT	South 	2023
6	64	Cosmo's Crew	Jerry Jeudy	WR	DEN	South 	2023
6	65	M-Dogg	Cam Akers	RB	MIN	South 	2023
6	66	The Motor City Kitties	Christian Kirk	WR	JAC	South 	2023
6	67	Baby Fumblers	David Montgomery	RB	DET	South 	2023
6	68	Raptors	Miles Sanders	RB	CAR	South 	2023
6	69	Gridiron Guru	James Conner	RB	ARI	South 	2023
6	70	Wookie of the Year	Evan Engram	TE	JAC	South 	2023
6	71	Schmidts and Giggles	Dalvin Cook	RB	BAL	South 	2023
6	72	Unicorns & Creemees	Brandon Aiyuk	WR	SFO	South 	2023
7	73	Unicorns & Creemees	James Cook	RB	BUF	South 	2023
7	74	Schmidts and Giggles	JuJu Smith-Schuster	WR	NEP	South 	2023
7	75	Wookie of the Year	Terry McLaurin	WR	WAS	South 	2023
7	76	Gridiron Guru	Mike Evans	WR	TBB	South 	2023
7	77	Raptors	Mike Williams	WR	LAC	South 	2023
7	78	Baby Fumblers	Javonte Williams	RB	DEN	South 	2023
7	79	The Motor City Kitties	Alvin Kamara	RB	NOS	South 	2023
7	80	M-Dogg	AJ Dillon	RB	GBP	South 	2023
7	81	Cosmo's Crew	Jordan Addison	WR	MIN	South 	2023
7	82	Buck Wild Roosters	Isiah Pacheco	RB	KCC	South 	2023
7	83	Renegades	Jahan Dotson	WR	WAS	South 	2023
7	84	Rory's Fury	Marquise Brown	WR	ARI	South 	2023
8	85	Rory's Fury	Khalil Herbert	RB	CHI	South 	2023
8	86	Renegades	Antonio Gibson	RB	WAS	South 	2023
8	87	Buck Wild Roosters	Courtland Sutton	WR	DEN	South 	2023
8	88	Cosmo's Crew	Zay Flowers	WR	BAL	South 	2023
8	89	M-Dogg	Brian Robinson	RB	WAS	South 	2023
8	90	The Motor City Kitties	George Pickens	WR	PIT	South 	2023
8	91	Baby Fumblers	Gabriel Davis	WR	BUF	South 	2023
8	92	Raptors	Samaje Perine	RB	DEN	South 	2023
8	93	Gridiron Guru	Michael Pittman	WR	IND	South 	2023
8	94	Wookie of the Year	Zach Charbonnet	RB	SEA	South 	2023
8	95	Schmidts and Giggles	Odell Beckham	WR	BAL	South 	2023
8	96	Unicorns & Creemees	Jaxon Smith-Njigba	WR	SEA	South 	2023
9	97	Unicorns & Creemees	Kirk Cousins	QB	MIN	South 	2023
9	98	Schmidts and Giggles	Dak Prescott	QB	DAL	South 	2023
9	99	Wookie of the Year	Jerick McKinnon	RB	KCC	South 	2023
9	100	Gridiron Guru	Brandin Cooks	WR	DAL	South 	2023
9	101	Raptors	Pat Freiermuth	TE	PIT	South 	2023
9	102	Baby Fumblers	Skyy Moore	WR	KCC	South 	2023
9	103	The Motor City Kitties	Aaron Rodgers	QB	NYJ	South 	2023
9	104	M-Dogg	Allen Lazard	WR	NYJ	South 	2023
9	105	Cosmo's Crew	Tank Bigsby	RB	JAC	South 	2023
9	106	Buck Wild Roosters	Michael Thomas	WR	NOS	South 	2023
9	107	Renegades	Romeo Doubs	WR	GBP	South 	2023
9	108	Rory's Fury	Tua Tagovailoa	QB	MIA	South 	2023
10	109	Rory's Fury	Jamaal Williams	RB	NOS	South 	2023
10	110	Renegades	Damien Harris	RB	BUF	South 	2023
10	111	Buck Wild Roosters	Raheem Mostert	RB	MIA	South 	2023
10	112	Cosmo's Crew	Ezekiel Elliott	RB	NEP	South 	2023
10	113	M-Dogg	Quentin Johnston	WR	LAC	South 	2023
10	114	The Motor City Kitties	Dalton Kincaid	TE	BUF	South 	2023
10	115	Baby Fumblers	David Njoku	TE	CLE	South 	2023
10	116	Raptors	Treylon Burks	WR	TEN	South 	2023
10	117	Gridiron Guru	Deshaun Watson	QB	CLE	South 	2023
10	118	Wookie of the Year	Daniel Jones	QB	NYG	South 	2023
10	119	Schmidts and Giggles	Anthony Richardson	QB	IND	South 	2023
10	120	Unicorns & Creemees	Geno Smith	QB	SEA	South 	2023
11	121	Unicorns & Creemees	Jaylen Warren	RB	PIT	South 	2023
11	122	Schmidts and Giggles	Dalton Schultz	TE	HOU	South 	2023
11	123	Wookie of the Year	Tyler Higbee	TE	LAR	South 	2023
11	124	Gridiron Guru	Elijah Moore	WR	CLE	South 	2023
11	125	Raptors	De'Von Achane	RB	MIA	South 	2023
11	126	Baby Fumblers	Kenneth Gainwell	RB	PHI	South 	2023
11	127	The Motor City Kitties	Cedric Tillman	WR	CLE	South 	2023
11	128	M-Dogg	Jonathan Mingo	WR	CAR	South 	2023
11	129	Cosmo's Crew	Kadarius Toney	WR	KCC	South 	2023
11	130	Buck Wild Roosters	Jake Ferguson	TE	DAL	South 	2023
11	131	Renegades	Nico Collins	WR	HOU	South 	2023
11	132	Rory's Fury	Rashaad Penny	RB	PHI	South 	2023
12	133	Rory's Fury	Jakobi Meyers	WR	LVR	South 	2023
12	134	Renegades	Elijah Mitchell	RB	SFO	South 	2023
12	135	Buck Wild Roosters	Adam Thielen	WR	CAR	South 	2023
12	136	Cosmo's Crew	Rashod Bateman	WR	BAL	South 	2023
12	137	M-Dogg	Chigoziem Okonkwo	TE	TEN	South 	2023
12	138	The Motor City Kitties	Eric Gray	RB	NYG	South 	2023
12	139	Baby Fumblers	Kendre Miller	RB	NOS	South 	2023
12	140	Raptors	Cole Kmet	TE	CHI	South 	2023
12	141	Gridiron Guru	Jeffery Wilson	RB	MIA	South 	2023
12	142	Wookie of the Year	Zay Jones	WR	JAC	South 	2023
12	143	Schmidts and Giggles	Curtis Samuel	WR	WAS	South 	2023
12	144	Unicorns & Creemees	Philadelphia Eagles	DEF	PHI	South 	2023
13	145	Unicorns & Creemees	K.J. Osborn	WR	MIN	South 	2023
13	146	Schmidts and Giggles	Clyde Edwards-Helaire	RB	KCC	South 	2023
13	147	Wookie of the Year	Tyler Allgeier	RB	ATL	South 	2023
13	148	Gridiron Guru	Rondale Moore	WR	ARI	South 	2023
13	149	Raptors	San Francisco 49ers	DEF	SFO	South 	2023
13	150	Baby Fumblers	Brock Purdy	QB	SFO	South 	2023
13	151	The Motor City Kitties	Justin Tucker	PK	BAL	South 	2023
13	152	M-Dogg	Devin Singletary	RB	HOU	South 	2023
13	153	Cosmo's Crew	Tyjae Spears	RB	TEN	South 	2023
13	154	Buck Wild Roosters	Deon Jackson	RB	NYG	South 	2023
13	155	Renegades	Buffalo Bills	DEF	BUF	South 	2023
13	156	Rory's Fury	Jared Goff	QB	DET	South 	2023
14	157	Rory's Fury	Roschon Johnson	RB	CHI	South 	2023
14	158	Renegades	Tyler Bass	PK	BUF	South 	2023
14	159	Buck Wild Roosters	Sam Howell	QB	WAS	South 	2023
14	160	Cosmo's Crew	New England Patriots	DEF	NEP	South 	2023
14	161	M-Dogg	Dallas Cowboys	DEF	DAL	South 	2023
14	162	The Motor City Kitties	Israel Abanikanda	RB	NYJ	South 	2023
14	163	Baby Fumblers	Kansas City Chiefs	DEF	KCC	South 	2023
14	164	Raptors	Derek Carr	QB	NOS	South 	2023
14	165	Gridiron Guru	Daniel Carlson	PK	LVR	South 	2023
14	166	Wookie of the Year	Pittsburgh Steelers	DEF	PIT	South 	2023
14	167	Schmidts and Giggles	Jake Elliott	PK	PHI	South 	2023
14	168	Unicorns & Creemees	Juwan Johnson	TE	NOS	South 	2023
15	169	Unicorns & Creemees	Sam LaPorta	TE	DET	South 	2023
15	170	Schmidts and Giggles	Baltimore Ravens	DEF	BAL	South 	2023
15	171	Wookie of the Year	Harrison Butker	PK	KCC	South 	2023
15	172	Gridiron Guru	Washington Commanders	DEF	WAS	South 	2023
15	173	Raptors	Evan McPherson	PK	CIN	South 	2023
15	174	Baby Fumblers	Jason Myers	PK	SEA	South 	2023
15	175	The Motor City Kitties	Matthew Stafford	QB	LAR	South 	2023
15	176	M-Dogg	Kenny Pickett	QB	PIT	South 	2023
15	177	Cosmo's Crew	Rashee Rice	WR	KCC	South 	2023
15	178	Buck Wild Roosters	New York Jets	DEF	NYJ	South 	2023
15	179	Renegades	Gerald Everett	TE	LAC	South 	2023
15	180	Rory's Fury	New Orleans Saints	DEF	NOS	South 	2023
16	181	Rory's Fury	Jayden Reed	WR	GBP	South 	2023
16	182	Renegades	Russell Wilson	QB	DEN	South 	2023
16	183	Buck Wild Roosters	Logan Thomas	TE	WAS	South 	2023
16	184	Cosmo's Crew	D.J. Chark	WR	CAR	South 	2023
16	185	M-Dogg	Graham Gano	PK	NYG	South 	2023
16	186	The Motor City Kitties	Jacksonville Jaguars	DEF	JAC	South 	2023
16	187	Baby Fumblers	Darnell Mooney	WR	CHI	South 	2023
16	188	Raptors	Miami Dolphins	DEF	MIA	South 	2023
16	189	Gridiron Guru	Evan Hull	RB	IND	South 	2023
16	190	Wookie of the Year	Gus Edwards	RB	BAL	South 	2023
16	191	Schmidts and Giggles	Dawson Knox	TE	BUF	South 	2023
16	192	Unicorns & Creemees	Younghoe Koo	PK	ATL	South 	2023
17	193	Unicorns & Creemees	Michael Gallup	WR	DAL	South 	2023
17	194	Schmidts and Giggles	Marquez Valdes-Scantling	WR	KCC	South 	2023
17	195	Wookie of the Year	Donovan Peoples-Jones	WR	DET	South 	2023
17	196	Gridiron Guru	Marvin Mims	WR	DEN	South 	2023
17	197	Raptors	D'Onta Foreman	RB	CHI	South 	2023
17	198	Baby Fumblers	Tyler Boyd	WR	CIN	South 	2023
17	199	The Motor City Kitties	Taysom Hill	TE	NOS	South 	2023
17	200	M-Dogg	Van Jefferson	WR	ATL	South 	2023
17	201	Cosmo's Crew	Cameron Dicker	PK	LAC	South 	2023
17	202	Buck Wild Roosters	Joey Slye	PK	WAS	South 	2023
17	203	Renegades	Zamir White	RB	LVR	South 	2023
17	204	Rory's Fury	Jason Sanders	PK	MIA	South 	2023
1	1	Rory's Fury	Jonathan Taylor	RB	IND	North	2022
1	2	M-Dogg	Austin Ekeler	RB	LAC	North	2022
1	3	Schmidts & Giggles	Christian McCaffrey	RB	SFO	North	2022
1	4	Gridiron Guru	Cooper Kupp	WR	LAR	North	2022
1	5	Rusty Hammer	Ja'Marr Chase	WR	CIN	North	2022
1	6	Cosmo's Crew	Justin Jefferson	WR	MIN	North	2022
1	7	Water Rats	Patrick Mahomes	QB	KCC	North	2022
1	8	Tua Girls One Kupp	Derrick Henry	RB	TEN	North	2022
1	9	Maryland Madness	Najee Harris	RB	PIT	North	2022
1	10	The Motor City Kitties	Dalvin Cook	RB	MIN	North	2022
1	11	Hail to the Chef	Travis Kelce	TE	KCC	North	2022
1	12	AFCCP	Joe Mixon	RB	CIN	North	2022
2	13	AFCCP	Alvin Kamara	RB	NOS	North	2022
2	14	Hail to the Chef	D'Andre Swift	RB	DET	North	2022
2	15	The Motor City Kitties	Stefon Diggs	WR	BUF	North	2022
2	16	Maryland Madness	Davante Adams	WR	LVR	North	2022
2	17	Tua Girls One Kupp	Aaron Jones	RB	GBP	North	2022
2	18	Water Rats	A.J. Brown	WR	PHI	North	2022
2	19	Cosmo's Crew	Saquon Barkley	RB	NYG	North	2022
2	20	Rusty Hammer	Leonard Fournette	RB	TBB	North	2022
2	21	Gridiron Guru	Deebo Samuel	WR	SFO	North	2022
2	22	Schmidts & Giggles	Josh Allen	QB	BUF	North	2022
2	23	M-Dogg	CeeDee Lamb	WR	DAL	North	2022
2	24	Rory's Fury	Mark Andrews	TE	BAL	North	2022
3	25	Rory's Fury	Mike Evans	WR	TBB	North	2022
3	26	M-Dogg	Javonte Williams	RB	DEN	North	2022
3	27	Schmidts & Giggles	Amari Cooper	WR	CLE	North	2022
3	28	Gridiron Guru	Cam Akers	RB	LAR	North	2022
3	29	Rusty Hammer	James Conner	RB	ARI	North	2022
3	30	Cosmo's Crew	Tee Higgins	WR	CIN	North	2022
3	31	Water Rats	Ezekiel Elliott	RB	DAL	North	2022
3	32	Tua Girls One Kupp	Nick Chubb	RB	CLE	North	2022
3	33	Maryland Madness	Kyle Pitts	TE	ATL	North	2022
3	34	The Motor City Kitties	Tyreek Hill	WR	MIA	North	2022
3	35	Hail to the Chef	Keenan Allen	WR	LAC	North	2022
3	36	AFCCP	Michael Pittman	WR	IND	North	2022
4	37	AFCCP	Justin Herbert	QB	LAC	North	2022
4	38	Hail to the Chef	Lamar Jackson	QB	BAL	North	2022
4	39	The Motor City Kitties	George Kittle	TE	SFO	North	2022
4	40	Maryland Madness	Travis Etienne	RB	JAC	North	2022
4	41	Tua Girls One Kupp	Jaylen Waddle	WR	MIA	North	2022
4	42	Water Rats	Clyde Edwards-Helaire	RB	KCC	North	2022
4	43	Cosmo's Crew	AJ Dillon	RB	GBP	North	2022
4	44	Rusty Hammer	D.J. Moore	WR	CAR	North	2022
4	45	Gridiron Guru	Terry McLaurin	WR	WAS	North	2022
4	46	Schmidts & Giggles	Adam Thielen	WR	MIN	North	2022
4	47	M-Dogg	Courtland Sutton	WR	DEN	North	2022
4	48	Rory's Fury	Brandin Cooks	WR	HOU	North	2022
5	49	Rory's Fury	Breece Hall	RB	NYJ	North	2022
5	50	M-Dogg	Tom Brady	QB	TBB	North	2022
5	51	Schmidts & Giggles	Josh Jacobs	RB	LVR	North	2022
5	52	Gridiron Guru	David Montgomery	RB	CHI	North	2022
5	53	Rusty Hammer	J.K. Dobbins	RB	BAL	North	2022
5	54	Cosmo's Crew	Mike Williams	WR	LAC	North	2022
5	55	Water Rats	DK Metcalf	WR	SEA	North	2022
5	56	Tua Girls One Kupp	Amon-Ra St. Brown	WR	DET	North	2022
5	57	Maryland Madness	Allen Robinson	WR	LAR	North	2022
5	58	The Motor City Kitties	Diontae Johnson	WR	PIT	North	2022
5	59	Hail to the Chef	Marquise Brown	WR	ARI	North	2022
5	60	AFCCP	Darnell Mooney	WR	CHI	North	2022
6	61	AFCCP	Darren Waller	TE	LVR	North	2022
6	62	Hail to the Chef	Elijah Mitchell	RB	SFO	North	2022
6	63	The Motor City Kitties	Antonio Gibson	RB	WAS	North	2022
6	64	Maryland Madness	Jerry Jeudy	WR	DEN	North	2022
6	65	Tua Girls One Kupp	Jalen Hurts	QB	PHI	North	2022
6	66	Water Rats	Dalton Schultz	TE	DAL	North	2022
6	67	Cosmo's Crew	Tony Pollard	RB	DAL	North	2022
6	68	Rusty Hammer	Dallas Goedert	TE	PHI	North	2022
6	69	Gridiron Guru	Chris Godwin	WR	TBB	North	2022
6	70	Schmidts & Giggles	JuJu Smith-Schuster	WR	KCC	North	2022
6	71	M-Dogg	Gabriel Davis	WR	BUF	North	2022
6	72	Rory's Fury	Christian Kirk	WR	JAC	North	2022
7	73	Rory's Fury	Joe Burrow	QB	CIN	North	2022
7	74	M-Dogg	Rhamondre Stevenson	RB	NEP	North	2022
7	75	Schmidts & Giggles	Kareem Hunt	RB	CLE	North	2022
7	76	Gridiron Guru	Miles Sanders	RB	PHI	North	2022
7	77	Rusty Hammer	Kyler Murray	QB	ARI	North	2022
7	78	Cosmo's Crew	T.J. Hockenson	TE	MIN	North	2022
7	79	Water Rats	Aaron Rodgers	QB	GBP	North	2022
7	80	Tua Girls One Kupp	Drake London	WR	ATL	North	2022
7	81	Maryland Madness	Russell Wilson	QB	DEN	North	2022
7	82	The Motor City Kitties	Michael Thomas	WR	NOS	North	2022
7	83	Hail to the Chef	Rashod Bateman	WR	BAL	North	2022
7	84	AFCCP	Damien Harris	RB	NEP	North	2022
8	85	AFCCP	Brandon Aiyuk	WR	SFO	North	2022
8	86	Hail to the Chef	Elijah Moore	WR	NYJ	North	2022
8	87	The Motor City Kitties	Devin Singletary	RB	BUF	North	2022
8	88	Maryland Madness	Chase Edmonds	RB	DEN	North	2022
8	89	Tua Girls One Kupp	DeAndre Hopkins	WR	ARI	North	2022
8	90	Water Rats	Tyler Higbee	TE	LAR	North	2022
8	91	Cosmo's Crew	Hunter Renfrow	WR	LVR	North	2022
8	92	Rusty Hammer	Allen Lazard	WR	GBP	North	2022
8	93	Gridiron Guru	Zach Ertz	TE	ARI	North	2022
8	94	Schmidts & Giggles	Dawson Knox	TE	BUF	North	2022
8	95	M-Dogg	Robert Woods	WR	TEN	North	2022
8	96	Rory's Fury	DeVonta Smith	WR	PHI	North	2022
9	97	Rory's Fury	Dameon Pierce	RB	HOU	North	2022
9	98	M-Dogg	Pat Freiermuth	TE	PIT	North	2022
9	99	Schmidts & Giggles	Tyler Lockett	WR	SEA	North	2022
9	100	Gridiron Guru	Cordarrelle Patterson	RB	ATL	North	2022
9	101	Rusty Hammer	Rashaad Penny	RB	SEA	North	2022
9	102	Cosmo's Crew	Trey Lance	QB	SFO	North	2022
9	103	Water Rats	A.J. Green	WR	ARI	North	2022
9	104	Tua Girls One Kupp	Mike Gesicki	TE	MIA	North	2022
9	105	Maryland Madness	Melvin Gordon	RB	KCC	North	2022
9	106	The Motor City Kitties	Cole Kmet	TE	CHI	North	2022
9	107	Hail to the Chef	James Cook	RB	BUF	North	2022
9	108	AFCCP	Treylon Burks	WR	TEN	North	2022
10	109	AFCCP	Dak Prescott	QB	DAL	North	2022
10	110	Hail to the Chef	Kenneth Walker III	RB	SEA	North	2022
10	111	The Motor City Kitties	Matthew Stafford	QB	LAR	North	2022
10	112	Maryland Madness	DeVante Parker	WR	NEP	North	2022
10	113	Tua Girls One Kupp	Brian Robinson	RB	WAS	North	2022
10	114	Water Rats	Mark Ingram	RB	NOS	North	2022
10	115	Cosmo's Crew	Nyheim Hines	RB	BUF	North	2022
10	116	Rusty Hammer	Hayden Hurst	TE	CIN	North	2022
10	117	Gridiron Guru	Chris Olave	WR	NOS	North	2022
10	118	Schmidts & Giggles	Marlon Mack	RB	DEN	North	2022
10	119	M-Dogg	Raheem Mostert	RB	MIA	North	2022
10	120	Rory's Fury	Garrett Wilson	WR	NYJ	North	2022
11	121	Rory's Fury	Russell Gage	WR	TBB	North	2022
11	122	M-Dogg	Jakobi Meyers	WR	NEP	North	2022
11	123	Schmidts & Giggles	Derek Carr	QB	LVR	North	2022
11	124	Gridiron Guru	Kadarius Toney	WR	KCC	North	2022
11	125	Rusty Hammer	David Njoku	TE	CLE	North	2022
11	126	Cosmo's Crew	Kirk Cousins	QB	MIN	North	2022
11	127	Water Rats	Los Angeles Rams	Def	LAR	North	2022
11	128	Tua Girls One Kupp	Alec Pierce	WR	IND	North	2022
11	129	Maryland Madness	Marquez Valdes-Scantling	WR	KCC	North	2022
11	130	The Motor City Kitties	Keaontay Ingram	RB	ARI	North	2022
11	131	Hail to the Chef	Chase Claypool	WR	CHI	North	2022
11	132	AFCCP	Julio Jones	WR	TBB	North	2022
12	133	AFCCP	James Robinson	RB	NYJ	North	2022
12	134	Hail to the Chef	Buffalo Bills	Def	BUF	North	2022
12	135	The Motor City Kitties	George Pickens	WR	PIT	North	2022
12	136	Maryland Madness	Kenneth Gainwell	RB	PHI	North	2022
12	137	Tua Girls One Kupp	Tennessee Titans	Def	TEN	North	2022
12	138	Water Rats	Justin Tucker	PK	BAL	North	2022
12	139	Cosmo's Crew	Jahan Dotson	WR	WAS	North	2022
12	140	Rusty Hammer	Christian Watson	WR	GBP	North	2022
12	141	Gridiron Guru	Darrell Henderson	RB	FA	North	2022
12	142	Schmidts & Giggles	Bryan Edwards	WR	FA	North	2022
12	143	M-Dogg	Hunter Henry	TE	NEP	North	2022
12	144	Rory's Fury	Michael Carter	RB	NYJ	North	2022
13	145	Rory's Fury	J.D. McKissic	RB	WAS	North	2022
13	146	M-Dogg	Skyy Moore	WR	KCC	North	2022
13	147	Schmidts & Giggles	Jerick McKinnon	RB	KCC	North	2022
13	148	Gridiron Guru	Trevor Lawrence	QB	JAC	North	2022
13	149	Rusty Hammer	Tampa Bay Buccaneers	Def	TBB	North	2022
13	150	Cosmo's Crew	Rondale Moore	WR	ARI	North	2022
13	151	Water Rats	Michael Gallup	WR	DAL	North	2022
13	152	Tua Girls One Kupp	Tua Tagovailoa	QB	MIA	North	2022
13	153	Maryland Madness	San Francisco 49ers	Def	SFO	North	2022
13	154	The Motor City Kitties	Jerome Ford	RB	CLE	North	2022
13	155	Hail to the Chef	Justin Fields	QB	CHI	North	2022
13	156	AFCCP	Albert Okwuegbunam	TE	DEN	North	2022
14	157	AFCCP	Tyler Boyd	WR	CIN	North	2022
14	158	Hail to the Chef	Noah Fant	TE	SEA	North	2022
14	159	The Motor City Kitties	Matt Ryan	QB	IND	North	2022
14	160	Maryland Madness	Alexander Mattison	RB	MIN	North	2022
14	161	Tua Girls One Kupp	Evan McPherson	PK	CIN	North	2022
14	162	Water Rats	Green Bay Packers	Def	GBP	North	2022
14	163	Cosmo's Crew	Rachaad White	RB	TBB	North	2022
14	164	Rusty Hammer	Tyler Allgeier	RB	ATL	North	2022
14	165	Gridiron Guru	Matt Gay	PK	LAR	North	2022
14	166	Schmidts & Giggles	Rex Burkhead	RB	HOU	North	2022
14	167	M-Dogg	Irv Smith Jr.	TE	MIN	North	2022
14	168	Rory's Fury	Jamaal Williams	RB	DET	North	2022
15	169	Rory's Fury	Jameis Winston	QB	NOS	North	2022
15	170	M-Dogg	New Orleans Saints	Def	NOS	North	2022
15	171	Schmidts & Giggles	Ryan Succop	PK	TBB	North	2022
15	172	Gridiron Guru	Baltimore Ravens	Def	BAL	North	2022
15	173	Rusty Hammer	Tyler Bass	PK	BUF	North	2022
15	174	Cosmo's Crew	Nico Collins	WR	HOU	North	2022
15	175	Water Rats	Nick Folk	PK	NEP	North	2022
15	176	Tua Girls One Kupp	Corey Davis	WR	NYJ	North	2022
15	177	Maryland Madness	Kenny Golladay	WR	NYG	North	2022
15	178	The Motor City Kitties	D.J. Chark	WR	DET	North	2022
15	179	Hail to the Chef	Harrison Butker	PK	KCC	North	2022
15	180	AFCCP	Samaje Perine	RB	CIN	North	2022
16	181	AFCCP	Indianapolis Colts	Def	IND	North	2022
16	182	Hail to the Chef	Isaiah Spiller	RB	LAC	North	2022
16	183	The Motor City Kitties	Daniel Carlson	PK	LVR	North	2022
16	184	Maryland Madness	Khalil Herbert	RB	CHI	North	2022
16	185	Tua Girls One Kupp	Zamir White	RB	LVR	North	2022
16	186	Water Rats	Myles Gaskin	RB	MIA	North	2022
16	187	Cosmo's Crew	New England Patriots	Def	NEP	North	2022
16	188	Rusty Hammer	Jalen Tolbert	WR	DAL	North	2022
16	189	Gridiron Guru	Robbie Anderson	WR	ARI	North	2022
16	190	Schmidts & Giggles	Los Angeles Chargers	Def	LAC	North	2022
16	191	M-Dogg	Brandon McManus	PK	DEN	North	2022
16	192	Rory's Fury	Robbie Gould	PK	SFO	North	2022
17	193	Rory's Fury	Philadelphia Eagles	Def	PHI	North	2022
17	194	M-Dogg	D'Onta Foreman	RB	CAR	North	2022
17	195	Schmidts & Giggles	Cameron Brate	TE	TBB	North	2022
17	196	Gridiron Guru	Logan Thomas	TE	WAS	North	2022
17	197	Rusty Hammer	Denver Broncos	Def	DEN	North	2022
17	198	Cosmo's Crew	Jameson Williams	WR	DET	North	2022
17	199	Water Rats	Sammy Watkins	WR	BAL	North	2022
17	200	Tua Girls One Kupp	Marvin Jones	WR	JAC	North	2022
17	201	Maryland Madness	Matt Prater	PK	ARI	North	2022
17	202	The Motor City Kitties	Miami Dolphins	Def	MIA	North	2022
17	203	Hail to the Chef	Dallas Cowboys	Def	DAL	North	2022
17	204	AFCCP	Cleveland Browns	Def	CLE	North	2022
1	1	Moose Men	Jonathan Taylor	RB	IND	South 	2022
1	2	Wookie of the Year	Christian McCaffrey	RB	SFO	South 	2022
1	3	Renegades	Derrick Henry	RB	TEN	South 	2022
1	4	Buck Wild Roosters	Austin Ekeler	RB	LAC	South 	2022
1	5	Playoff Donkeys	Cooper Kupp	WR	LAR	South 	2022
1	6	Raptors	Dalvin Cook	RB	MIN	South 	2022
1	7	Poner	Justin Jefferson	WR	MIN	South 	2022
1	8	Banana's Bunch	Ja'Marr Chase	WR	CIN	South 	2022
1	9	Offensive Lyonmen	Najee Harris	RB	PIT	South 	2022
1	10	Unicorns & Cremes	Stefon Diggs	WR	BUF	South 	2022
1	11	Baby Fumblers	Davante Adams	WR	LVR	South 	2022
1	12	Steers and Beers	Nick Chubb	RB	CLE	South 	2022
2	13	Steers and Beers	Tyreek Hill	WR	MIA	South 	2022
2	14	Baby Fumblers	Joe Mixon	RB	CIN	South 	2022
2	15	Unicorns & Cremes	D'Andre Swift	RB	DET	South 	2022
2	16	Offensive Lyonmen	CeeDee Lamb	WR	DAL	South 	2022
2	17	Banana's Bunch	Saquon Barkley	RB	NYG	South 	2022
2	18	Poner	Travis Kelce	TE	KCC	South 	2022
2	19	Raptors	Alvin Kamara	RB	NOS	South 	2022
2	20	Playoff Donkeys	Aaron Jones	RB	GBP	South 	2022
2	21	Buck Wild Roosters	Deebo Samuel	WR	SFO	South 	2022
2	22	Renegades	Leonard Fournette	RB	TBB	South 	2022
2	23	Wookie of the Year	A.J. Brown	WR	PHI	South 	2022
2	24	Moose Men	Mike Evans	WR	TBB	South 	2022
3	25	Moose Men	Josh Allen	QB	BUF	South 	2022
3	26	Wookie of the Year	Rashaad Penny	RB	SEA	South 	2022
3	27	Renegades	Mark Andrews	TE	BAL	South 	2022
3	28	Buck Wild Roosters	Michael Pittman	WR	IND	South 	2022
3	29	Playoff Donkeys	Keenan Allen	WR	LAC	South 	2022
3	30	Raptors	Tee Higgins	WR	CIN	South 	2022
3	31	Poner	Javonte Williams	RB	DEN	South 	2022
3	32	Banana's Bunch	Kyle Pitts	TE	ATL	South 	2022
3	33	Offensive Lyonmen	D.J. Moore	WR	CAR	South 	2022
3	34	Unicorns & Cremes	Mike Williams	WR	LAC	South 	2022
3	35	Baby Fumblers	Travis Etienne	RB	JAC	South 	2022
3	36	Steers and Beers	Ezekiel Elliott	RB	DAL	South 	2022
4	37	Steers and Beers	Diontae Johnson	WR	PIT	South 	2022
4	38	Baby Fumblers	Jaylen Waddle	WR	MIA	South 	2022
4	39	Unicorns & Cremes	James Conner	RB	ARI	South 	2022
4	40	Offensive Lyonmen	George Kittle	TE	SFO	South 	2022
4	41	Banana's Bunch	Courtland Sutton	WR	DEN	South 	2022
4	42	Poner	Breece Hall	RB	NYJ	South 	2022
4	43	Raptors	Terry McLaurin	WR	WAS	South 	2022
4	44	Playoff Donkeys	David Montgomery	RB	CHI	South 	2022
4	45	Buck Wild Roosters	Cam Akers	RB	LAR	South 	2022
4	46	Renegades	Brandin Cooks	WR	HOU	South 	2022
4	47	Wookie of the Year	Amon-Ra St. Brown	WR	DET	South 	2022
4	48	Moose Men	Elijah Mitchell	RB	SFO	South 	2022
5	49	Moose Men	Darnell Mooney	WR	CHI	South 	2022
5	50	Wookie of the Year	Josh Jacobs	RB	LVR	South 	2022
5	51	Renegades	Michael Thomas	WR	NOS	South 	2022
5	52	Buck Wild Roosters	Darren Waller	TE	LVR	South 	2022
5	53	Playoff Donkeys	Patrick Mahomes	QB	KCC	South 	2022
5	54	Raptors	Allen Robinson	WR	LAR	South 	2022
5	55	Poner	Justin Herbert	QB	LAC	South 	2022
5	56	Banana's Bunch	AJ Dillon	RB	GBP	South 	2022
5	57	Offensive Lyonmen	Clyde Edwards-Helaire	RB	KCC	South 	2022
5	58	Unicorns & Cremes	J.K. Dobbins	RB	BAL	South 	2022
5	59	Baby Fumblers	Marquise Brown	WR	ARI	South 	2022
5	60	Steers and Beers	DK Metcalf	WR	SEA	South 	2022
6	61	Steers and Beers	Adam Thielen	WR	MIN	South 	2022
6	62	Baby Fumblers	Joe Burrow	QB	CIN	South 	2022
6	63	Unicorns & Cremes	Chris Godwin	WR	TBB	South 	2022
6	64	Offensive Lyonmen	Jerry Jeudy	WR	DEN	South 	2022
6	65	Banana's Bunch	Tony Pollard	RB	DAL	South 	2022
6	66	Poner	Rashod Bateman	WR	BAL	South 	2022
6	67	Raptors	Dalton Schultz	TE	DAL	South 	2022
6	68	Playoff Donkeys	JuJu Smith-Schuster	WR	KCC	South 	2022
6	69	Buck Wild Roosters	Jalen Hurts	QB	PHI	South 	2022
6	70	Renegades	Lamar Jackson	QB	BAL	South 	2022
6	71	Wookie of the Year	Dak Prescott	QB	DAL	South 	2022
6	72	Moose Men	Gabriel Davis	WR	BUF	South 	2022
7	73	Moose Men	Chase Edmonds	RB	DEN	South 	2022
7	74	Wookie of the Year	Christian Kirk	WR	JAC	South 	2022
7	75	Renegades	Kareem Hunt	RB	CLE	South 	2022
7	76	Buck Wild Roosters	Rhamondre Stevenson	RB	NEP	South 	2022
7	77	Playoff Donkeys	Antonio Gibson	RB	WAS	South 	2022
7	78	Raptors	Devin Singletary	RB	BUF	South 	2022
7	79	Poner	Miles Sanders	RB	PHI	South 	2022
7	80	Banana's Bunch	Kyler Murray	QB	ARI	South 	2022
7	81	Offensive Lyonmen	Tom Brady	QB	TBB	South 	2022
7	82	Unicorns & Cremes	Amari Cooper	WR	CLE	South 	2022
7	83	Baby Fumblers	Elijah Moore	WR	NYJ	South 	2022
7	84	Steers and Beers	Russell Wilson	QB	DEN	South 	2022
8	85	Steers and Beers	Dallas Goedert	TE	PHI	South 	2022
8	86	Baby Fumblers	Dameon Pierce	RB	HOU	South 	2022
8	87	Unicorns & Cremes	T.J. Hockenson	TE	MIN	South 	2022
8	88	Offensive Lyonmen	Damien Harris	RB	NEP	South 	2022
8	89	Banana's Bunch	Hunter Renfrow	WR	LVR	South 	2022
8	90	Poner	Drake London	WR	ATL	South 	2022
8	91	Raptors	Allen Lazard	WR	GBP	South 	2022
8	92	Playoff Donkeys	Brandon Aiyuk	WR	SFO	South 	2022
8	93	Buck Wild Roosters	James Cook	RB	BUF	South 	2022
8	94	Renegades	Cordarrelle Patterson	RB	ATL	South 	2022
8	95	Wookie of the Year	Garrett Wilson	WR	NYJ	South 	2022
8	96	Moose Men	DeVante Parker	WR	NEP	South 	2022
9	97	Moose Men	Mike Gesicki	TE	MIA	South 	2022
9	98	Wookie of the Year	Noah Fant	TE	SEA	South 	2022
9	99	Renegades	Tyler Lockett	WR	SEA	South 	2022
9	100	Buck Wild Roosters	Zach Ertz	TE	ARI	South 	2022
9	101	Playoff Donkeys	Aaron Rodgers	QB	GBP	South 	2022
9	102	Raptors	Trey Lance	QB	SFO	South 	2022
9	103	Poner	Melvin Gordon	RB	KCC	South 	2022
9	104	Banana's Bunch	Robert Woods	WR	TEN	South 	2022
9	105	Offensive Lyonmen	DeVonta Smith	WR	PHI	South 	2022
9	106	Unicorns & Cremes	Kadarius Toney	WR	KCC	South 	2022
9	107	Baby Fumblers	Dawson Knox	TE	BUF	South 	2022
9	108	Steers and Beers	Justin Tucker	PK	BAL	South 	2022
10	109	Steers and Beers	Matthew Stafford	QB	LAR	South 	2022
10	110	Baby Fumblers	Skyy Moore	WR	KCC	South 	2022
10	111	Unicorns & Cremes	Derek Carr	QB	LVR	South 	2022
10	112	Offensive Lyonmen	Jakobi Meyers	WR	NEP	South 	2022
10	113	Banana's Bunch	Nyheim Hines	RB	BUF	South 	2022
10	114	Poner	DeAndre Hopkins	WR	ARI	South 	2022
10	115	Raptors	Buffalo Bills	Def	BUF	South 	2022
10	116	Playoff Donkeys	Chase Claypool	WR	CHI	South 	2022
10	117	Buck Wild Roosters	D.J. Chark	WR	DET	South 	2022
10	118	Renegades	Michael Gallup	WR	DAL	South 	2022
10	119	Wookie of the Year	Marvin Jones	WR	JAC	South 	2022
10	120	Moose Men	James Robinson	RB	NYJ	South 	2022
11	121	Moose Men	Corey Davis	WR	NYJ	South 	2022
11	122	Wookie of the Year	Michael Carter	RB	NYJ	South 	2022
11	123	Renegades	Treylon Burks	WR	TEN	South 	2022
11	124	Buck Wild Roosters	Marquez Valdes-Scantling	WR	KCC	South 	2022
11	125	Playoff Donkeys	Kenneth Walker III	RB	SEA	South 	2022
11	126	Raptors	Chris Olave	WR	NOS	South 	2022
11	127	Poner	Alexander Mattison	RB	MIN	South 	2022
11	128	Banana's Bunch	George Pickens	WR	PIT	South 	2022
11	129	Offensive Lyonmen	Jarvis Landry	WR	NOS	South 	2022
11	130	Unicorns & Cremes	Kenneth Gainwell	RB	PHI	South 	2022
11	131	Baby Fumblers	Rachaad White	RB	TBB	South 	2022
11	132	Steers and Beers	Jerome Ford	RB	CLE	South 	2022
12	133	Steers and Beers	Ty Chandler	RB	MIN	South 	2022
12	134	Baby Fumblers	Jahan Dotson	WR	WAS	South 	2022
12	135	Unicorns & Cremes	Julio Jones	WR	TBB	South 	2022
12	136	Offensive Lyonmen	Jamaal Williams	RB	DET	South 	2022
12	137	Banana's Bunch	Russell Gage	WR	TBB	South 	2022
12	138	Poner	J.D. McKissic	RB	WAS	South 	2022
12	139	Raptors	Khalil Herbert	RB	CHI	South 	2022
12	140	Playoff Donkeys	Pat Freiermuth	TE	PIT	South 	2022
12	141	Buck Wild Roosters	Kirk Cousins	QB	MIN	South 	2022
12	142	Renegades	Cole Kmet	TE	CHI	South 	2022
12	143	Wookie of the Year	Marlon Mack	RB	DEN	South 	2022
12	144	Moose Men	Tyler Boyd	WR	CIN	South 	2022
13	145	Moose Men	Cameron Brate	TE	TBB	South 	2022
13	146	Wookie of the Year	Kendrick Bourne	WR	NEP	South 	2022
13	147	Renegades	Trevor Lawrence	QB	JAC	South 	2022
13	148	Buck Wild Roosters	Raheem Mostert	RB	MIA	South 	2022
13	149	Playoff Donkeys	Los Angeles Rams	Def	LAR	South 	2022
13	150	Raptors	Hunter Henry	TE	NEP	South 	2022
13	151	Poner	Darrell Henderson	RB	FA	South 	2022
13	152	Banana's Bunch	Rondale Moore	WR	ARI	South 	2022
13	153	Offensive Lyonmen	Justin Fields	QB	CHI	South 	2022
13	154	Unicorns & Cremes	K.J. Osborn	WR	MIN	South 	2022
13	155	Baby Fumblers	Tua Tagovailoa	QB	MIA	South 	2022
13	156	Steers and Beers	Evan McPherson	PK	CIN	South 	2022
14	157	Steers and Beers	San Francisco 49ers	Def	SFO	South 	2022
14	158	Baby Fumblers	Tampa Bay Buccaneers	Def	TBB	South 	2022
14	159	Unicorns & Cremes	Nico Collins	WR	HOU	South 	2022
14	160	Offensive Lyonmen	Dallas Cowboys	Def	DAL	South 	2022
14	161	Banana's Bunch	Josh Palmer	WR	LAC	South 	2022
14	162	Poner	Tyler Allgeier	RB	ATL	South 	2022
14	163	Raptors	Matt Ryan	QB	IND	South 	2022
14	164	Playoff Donkeys	Mark Ingram	RB	NOS	South 	2022
14	165	Buck Wild Roosters	Chuba Hubbard	RB	CAR	South 	2022
14	166	Renegades	Denver Broncos	Def	DEN	South 	2022
14	167	Wookie of the Year	Isiah Pacheco	RB	KCC	South 	2022
14	168	Moose Men	Darrel Williams	RB	ARI	South 	2022
15	169	Moose Men	New England Patriots	Def	NEP	South 	2022
15	170	Wookie of the Year	D'Onta Foreman	RB	CAR	South 	2022
15	171	Renegades	Tyler Bass	PK	BUF	South 	2022
15	172	Buck Wild Roosters	Brian Robinson	RB	WAS	South 	2022
15	173	Playoff Donkeys	Matt Gay	PK	LAR	South 	2022
15	174	Raptors	Albert Okwuegbunam	TE	DEN	South 	2022
15	175	Poner	Indianapolis Colts	Def	IND	South 	2022
15	176	Banana's Bunch	New Orleans Saints	Def	NOS	South 	2022
15	177	Offensive Lyonmen	Jaylen Warren	RB	PIT	South 	2022
15	178	Unicorns & Cremes	Isaiah Spiller	RB	LAC	South 	2022
15	179	Baby Fumblers	Daniel Carlson	PK	LVR	South 	2022
15	180	Steers and Beers	Khalil Shakir	WR	BUF	South 	2022
16	181	Steers and Beers	Trey McBride	TE	ARI	South 	2022
16	182	Baby Fumblers	Zamir White	RB	LVR	South 	2022
16	183	Unicorns & Cremes	Baltimore Ravens	Def	BAL	South 	2022
16	184	Offensive Lyonmen	Jalen Tolbert	WR	DAL	South 	2022
16	185	Banana's Bunch	Isaiah McKenzie	WR	BUF	South 	2022
16	186	Poner	Harrison Butker	PK	KCC	South 	2022
16	187	Raptors	Ryan Succop	PK	TBB	South 	2022
16	188	Playoff Donkeys	Mecole Hardman	WR	KCC	South 	2022
16	189	Buck Wild Roosters	Washington Commanders	Def	WAS	South 	2022
16	190	Renegades	Dontrell Hilliard	RB	TEN	South 	2022
16	191	Wookie of the Year	Brandon McManus	PK	DEN	South 	2022
16	192	Moose Men	KJ Hamler	WR	DEN	South 	2022
17	193	Moose Men	Nick Folk	PK	NEP	South 	2022
17	194	Wookie of the Year	Kansas City Chiefs	Def	KCC	South 	2022
17	195	Renegades	Robbie Anderson	WR	ARI	South 	2022
17	196	Buck Wild Roosters	Younghoe Koo	PK	ATL	South 	2022
17	197	Playoff Donkeys	Pittsburgh Steelers	Def	PIT	South 	2022
17	198	Raptors	Green Bay Packers	Def	GBP	South 	2022
17	199	Poner	Jameson Williams	WR	DET	South 	2022
17	200	Banana's Bunch	Rex Burkhead	RB	HOU	South 	2022
17	201	Offensive Lyonmen	Dustin Hopkins	PK	LAC	South 	2022
17	202	Unicorns & Cremes	Ameer Abdullah	RB	LVR	South 	2022
17	203	Baby Fumblers	Wan'Dale Robinson	WR	NYG	South 	2022
17	204	Steers and Beers	Jelani Woods	TE	IND	South 	2022
1	1	Poner	Christian McCaffrey	RB	CAR	North	2021
1	2	AFCCP	Dalvin Cook	RB	MIN	North	2021
1	3	Schmidts & Giggles	Derrick Henry	RB	TEN	North	2021
1	4	Playoff Donkeys	Alvin Kamara	RB	NOS	North	2021
1	5	Buck Wild Roosters	Davante Adams	WR	GBP	North	2021
1	6	Rusty Hammer	Ezekiel Elliott	RB	DAL	North	2021
1	7	Tua Girls One Kupp	Aaron Jones	RB	GBP	North	2021
1	8	Gridiron Guru	Travis Kelce	TE	KCC	North	2021
1	9	Raptors	Austin Ekeler	RB	LAC	North	2021
1	10	Moose Men	Saquon Barkley	RB	NYG	North	2021
1	11	Rory's Fury	Tyreek Hill	WR	KCC	North	2021
1	12	Banana's Bunch	Stefon Diggs	WR	BUF	North	2021
2	13	Banana's Bunch	Calvin Ridley	WR	ATL	North	2021
2	14	Rory's Fury	Nick Chubb	RB	CLE	North	2021
2	15	Moose Men	DK Metcalf	WR	SEA	North	2021
2	16	Raptors	DeAndre Hopkins	WR	ARI	North	2021
2	17	Gridiron Guru	Antonio Gibson	RB	WAS	North	2021
2	18	Tua Girls One Kupp	Jonathan Taylor	RB	IND	North	2021
2	19	Rusty Hammer	Najee Harris	RB	PIT	North	2021
2	20	Buck Wild Roosters	Keenan Allen	WR	LAC	North	2021
2	21	Playoff Donkeys	Joe Mixon	RB	CIN	North	2021
2	22	Schmidts & Giggles	Chris Carson	RB	SEA	North	2021
2	23	AFCCP	Clyde Edwards-Helaire	RB	KCC	North	2021
2	24	Poner	Darren Waller	TE	LVR	North	2021
3	25	Poner	Justin Jefferson	WR	MIN	North	2021
3	26	AFCCP	Terry McLaurin	WR	WAS	North	2021
3	27	Schmidts & Giggles	Chris Godwin	WR	TBB	North	2021
3	28	Playoff Donkeys	Patrick Mahomes	QB	KCC	North	2021
3	29	Buck Wild Roosters	Josh Allen	QB	BUF	North	2021
3	30	Rusty Hammer	A.J. Brown	WR	TEN	North	2021
3	31	Tua Girls One Kupp	Julio Jones	WR	TEN	North	2021
3	32	Gridiron Guru	Allen Robinson	WR	CHI	North	2021
3	33	Raptors	David Montgomery	RB	CHI	North	2021
3	34	Moose Men	James Robinson	RB	JAC	North	2021
3	35	Rory's Fury	CeeDee Lamb	WR	DAL	North	2021
3	36	Banana's Bunch	Robert Woods	WR	LAR	North	2021
4	37	Banana's Bunch	D'Andre Swift	RB	DET	North	2021
4	38	Rory's Fury	Tyler Lockett	WR	SEA	North	2021
4	39	Moose Men	D.J. Moore	WR	CAR	North	2021
4	40	Raptors	Mike Evans	WR	TBB	North	2021
4	41	Gridiron Guru	Miles Sanders	RB	PHI	North	2021
4	42	Tua Girls One Kupp	Ja'Marr Chase	WR	CIN	North	2021
4	43	Rusty Hammer	Amari Cooper	WR	DAL	North	2021
4	44	Buck Wild Roosters	Josh Jacobs	RB	LVR	North	2021
4	45	Playoff Donkeys	George Kittle	TE	SFO	North	2021
4	46	Schmidts & Giggles	Adam Thielen	WR	MIN	North	2021
4	47	AFCCP	Diontae Johnson	WR	PIT	North	2021
4	48	Poner	Cooper Kupp	WR	LAR	North	2021
5	49	Poner	Kyler Murray	QB	ARI	North	2021
5	50	AFCCP	Lamar Jackson	QB	BAL	North	2021
5	51	Schmidts & Giggles	Kareem Hunt	RB	CLE	North	2021
5	52	Playoff Donkeys	Myles Gaskin	RB	MIA	North	2021
5	53	Buck Wild Roosters	Raheem Mostert	RB	SFO	North	2021
5	54	Rusty Hammer	Mark Andrews	TE	BAL	North	2021
5	55	Tua Girls One Kupp	Kyle Pitts	TE	ATL	North	2021
5	56	Gridiron Guru	Mike Davis	RB	ATL	North	2021
5	57	Raptors	Aaron Rodgers	QB	GBP	North	2021
5	58	Moose Men	Brandon Aiyuk	WR	SFO	North	2021
5	59	Rory's Fury	Laviska Shenault	WR	JAC	North	2021
5	60	Banana's Bunch	Tee Higgins	WR	CIN	North	2021
6	61	Banana's Bunch	Chase Edmonds	RB	ARI	North	2021
6	62	Rory's Fury	Gus Edwards	RB	BAL	North	2021
6	63	Moose Men	Russell Wilson	QB	SEA	North	2021
6	64	Raptors	Damien Harris	RB	NEP	North	2021
6	65	Gridiron Guru	Dak Prescott	QB	DAL	North	2021
6	66	Tua Girls One Kupp	Ryan Tannehill	QB	TEN	North	2021
6	67	Rusty Hammer	Leonard Fournette	RB	TBB	North	2021
6	68	Buck Wild Roosters	Logan Thomas	TE	WAS	North	2021
6	69	Playoff Donkeys	JuJu Smith-Schuster	WR	PIT	North	2021
6	70	Schmidts & Giggles	Tom Brady	QB	TBB	North	2021
6	71	AFCCP	T.J. Hockenson	TE	DET	North	2021
6	72	Poner	Darrell Henderson	RB	LAR	North	2021
7	73	Poner	Chase Claypool	WR	PIT	North	2021
7	74	AFCCP	Kenny Golladay	WR	NYG	North	2021
7	75	Schmidts & Giggles	Jerry Jeudy	WR	DEN	North	2021
7	76	Playoff Donkeys	Odell Beckham	WR	LAR	North	2021
7	77	Buck Wild Roosters	Courtland Sutton	WR	DEN	North	2021
7	78	Rusty Hammer	Javonte Williams	RB	DEN	North	2021
7	79	Tua Girls One Kupp	Melvin Gordon	RB	DEN	North	2021
7	80	Gridiron Guru	Robby Anderson	WR	CAR	North	2021
7	81	Raptors	Brandin Cooks	WR	HOU	North	2021
7	82	Moose Men	DeVonta Smith	WR	PHI	North	2021
7	83	Rory's Fury	Deebo Samuel	WR	SFO	North	2021
7	84	Banana's Bunch	Trey Sermon	RB	SFO	North	2021
8	85	Banana's Bunch	Justin Herbert	QB	LAC	North	2021
8	86	Rory's Fury	Tyler Higbee	TE	LAR	North	2021
8	87	Moose Men	Kenyan Drake	RB	LVR	North	2021
8	88	Raptors	Tyler Boyd	WR	CIN	North	2021
8	89	Gridiron Guru	D.J. Chark	WR	JAC	North	2021
8	90	Tua Girls One Kupp	Corey Davis	WR	NYJ	North	2021
8	91	Rusty Hammer	Jalen Hurts	QB	PHI	North	2021
8	92	Buck Wild Roosters	Zack Moss	RB	BUF	North	2021
8	93	Playoff Donkeys	Jarvis Landry	WR	CLE	North	2021
8	94	Schmidts & Giggles	Rob Gronkowski	TE	TBB	North	2021
8	95	AFCCP	Matthew Stafford	QB	LAR	North	2021
8	96	Poner	Ronald Jones	RB	TBB	North	2021
9	97	Poner	Michael Thomas	WR	NOS	North	2021
9	98	AFCCP	Henry Ruggs	WR	FA	North	2021
9	99	Schmidts & Giggles	Michael Gallup	WR	DAL	North	2021
9	100	Playoff Donkeys	Antonio Brown	WR	FA	North	2021
9	101	Buck Wild Roosters	Tyrell Williams	WR	FA	North	2021
9	102	Rusty Hammer	Dallas Goedert	TE	PHI	North	2021
9	103	Tua Girls One Kupp	Russell Gage	WR	ATL	North	2021
9	104	Gridiron Guru	Marquez Callaway	WR	NOS	North	2021
9	105	Raptors	Robert Tonyan	TE	GBP	North	2021
9	106	Moose Men	Mike Gesicki	TE	MIA	North	2021
9	107	Rory's Fury	Jaylen Waddle	WR	MIA	North	2021
9	108	Banana's Bunch	Noah Fant	TE	DEN	North	2021
10	109	Banana's Bunch	Michael Pittman	WR	IND	North	2021
10	110	Rory's Fury	James Conner	RB	ARI	North	2021
10	111	Moose Men	Michael Carter	RB	NYJ	North	2021
10	112	Raptors	Sony Michel	RB	LAR	North	2021
10	113	Gridiron Guru	Jonnu Smith	TE	NEP	North	2021
10	114	Tua Girls One Kupp	Los Angeles Rams	Def	LAR	North	2021
10	115	Rusty Hammer	Curtis Samuel	WR	WAS	North	2021
10	116	Buck Wild Roosters	AJ Dillon	RB	GBP	North	2021
10	117	Playoff Donkeys	Devin Singletary	RB	BUF	North	2021
10	118	Schmidts & Giggles	David Johnson	RB	HOU	North	2021
10	119	AFCCP	Hunter Henry	TE	NEP	North	2021
10	120	Poner	Will Fuller	WR	MIA	North	2021
11	121	Poner	Pittsburgh Steelers	Def	PIT	North	2021
11	122	AFCCP	Marquise Brown	WR	BAL	North	2021
11	123	Schmidts & Giggles	Tony Pollard	RB	DAL	North	2021
11	124	Playoff Donkeys	Nyheim Hines	RB	IND	North	2021
11	125	Buck Wild Roosters	J.D. McKissic	RB	WAS	North	2021
11	126	Rusty Hammer	Cole Beasley	WR	BUF	North	2021
11	127	Tua Girls One Kupp	Rhamondre Stevenson	RB	NEP	North	2021
11	128	Gridiron Guru	Elijah Moore	WR	NYJ	North	2021
11	129	Raptors	Marvin Jones	WR	JAC	North	2021
11	130	Moose Men	Jakobi Meyers	WR	NEP	North	2021
11	131	Rory's Fury	Mike Williams	WR	LAC	North	2021
11	132	Banana's Bunch	James White	RB	NEP	North	2021
12	133	Banana's Bunch	Mecole Hardman	WR	KCC	North	2021
12	134	Rory's Fury	Trevor Lawrence	QB	JAC	North	2021
12	135	Moose Men	Jamaal Williams	RB	DET	North	2021
12	136	Raptors	Tampa Bay Buccaneers	Def	TBB	North	2021
12	137	Gridiron Guru	Jalen Reagor	WR	PHI	North	2021
12	138	Tua Girls One Kupp	Anthony Firkser	TE	TEN	North	2021
12	139	Rusty Hammer	DeVante Parker	WR	MIA	North	2021
12	140	Buck Wild Roosters	Washington Football Team	Def	WAS	North	2021
12	141	Playoff Donkeys	Baltimore Ravens	Def	BAL	North	2021
12	142	Schmidts & Giggles	Sterling Shepard	WR	NYG	North	2021
12	143	AFCCP	Devontae Booker	RB	NYG	North	2021
12	144	Poner	Darnell Mooney	WR	CHI	North	2021
13	145	Poner	Justin Tucker	PK	BAL	North	2021
13	146	AFCCP	Alexander Mattison	RB	MIN	North	2021
13	147	Schmidts & Giggles	San Francisco 49ers	Def	SFO	North	2021
13	148	Playoff Donkeys	Matt Ryan	QB	ATL	North	2021
13	149	Buck Wild Roosters	Austin Hooper	TE	CLE	North	2021
13	150	Rusty Hammer	Buffalo Bills	Def	BUF	North	2021
13	151	Tua Girls One Kupp	Marlon Mack	RB	IND	North	2021
13	152	Gridiron Guru	Justin Fields	QB	CHI	North	2021
13	153	Raptors	Justin Jackson	RB	LAC	North	2021
13	154	Moose Men	Blake Jarwin	TE	DAL	North	2021
13	155	Rory's Fury	Terrace Marshall	WR	CAR	North	2021
13	156	Banana's Bunch	New England Patriots	Def	NEP	North	2021
14	157	Banana's Bunch	Joe Burrow	QB	CIN	North	2021
14	158	Rory's Fury	Rashaad Penny	RB	SEA	North	2021
14	159	Moose Men	Indianapolis Colts	Def	IND	North	2021
14	160	Raptors	Cole Kmet	TE	CHI	North	2021
14	161	Gridiron Guru	Rondale Moore	WR	ARI	North	2021
14	162	Tua Girls One Kupp	Ryan Succop	PK	TBB	North	2021
14	163	Rusty Hammer	Harrison Butker	PK	KCC	North	2021
14	164	Buck Wild Roosters	Jameis Winston	QB	NOS	North	2021
14	165	Playoff Donkeys	Tony Jones	RB	NOS	North	2021
14	166	Schmidts & Giggles	Greg Zuerlein	PK	DAL	North	2021
14	167	AFCCP	Denver Broncos	Def	DEN	North	2021
14	168	Poner	Kirk Cousins	QB	MIN	North	2021
15	169	Poner	Phillip Lindsay	RB	MIA	North	2021
15	170	AFCCP	Tyler Bass	PK	BUF	North	2021
15	171	Schmidts & Giggles	Tre'Quan Smith	WR	NOS	North	2021
15	172	Playoff Donkeys	Younghoe Koo	PK	ATL	North	2021
15	173	Buck Wild Roosters	Chuba Hubbard	RB	CAR	North	2021
15	174	Rusty Hammer	Zach Ertz	TE	ARI	North	2021
15	175	Tua Girls One Kupp	Nelson Agholor	WR	NEP	North	2021
15	176	Gridiron Guru	Jason Myers	PK	SEA	North	2021
15	177	Raptors	Daniel Carlson	PK	LVR	North	2021
15	178	Moose Men	Jamison Crowder	WR	NYJ	North	2021
15	179	Rory's Fury	Chicago Bears	Def	CHI	North	2021
15	180	Banana's Bunch	Ty'Son Baltimore	RB	BAL	North	2021
16	181	Banana's Bunch	Gerald Everett	TE	SEA	North	2021
16	182	Rory's Fury	Marquez Valdes-Scantling	WR	GBP	North	2021
16	183	Moose Men	Mark Ingram	RB	NOS	North	2021
16	184	Raptors	Miami Dolphins	Def	MIA	North	2021
16	185	Gridiron Guru	Carolina Panthers	Def	CAR	North	2021
16	186	Tua Girls One Kupp	Jeffery Wilson	RB	SFO	North	2021
16	187	Rusty Hammer	Christian Kirk	WR	ARI	North	2021
16	188	Buck Wild Roosters	Emmanuel Sanders	WR	BUF	North	2021
16	189	Playoff Donkeys	Tevin Coleman	RB	NYJ	North	2021
16	190	Schmidts & Giggles	Jared Cook	TE	LAC	North	2021
16	191	AFCCP	Giovani Bernard	RB	TBB	North	2021
16	192	Poner	Malcolm Brown	RB	MIA	North	2021
17	193	Poner	A.J. Green	WR	ARI	North	2021
17	194	AFCCP	Carlos Hyde	RB	JAC	North	2021
17	195	Schmidts & Giggles	Darrel Williams	RB	KCC	North	2021
17	196	Playoff Donkeys	Le'Veon Bell	RB	FA	North	2021
17	197	Buck Wild Roosters	Dustin Hopkins	PK	LAC	North	2021
17	198	Rusty Hammer	Baker Mayfield	QB	CLE	North	2021
17	199	Tua Girls One Kupp	Tua Tagovailoa	QB	MIA	North	2021
17	200	Gridiron Guru	Gabriel Davis	WR	BUF	North	2021
17	201	Raptors	Trey Lance	QB	SFO	North	2021
17	202	Moose Men	Jason Sanders	PK	MIA	North	2021
17	203	Rory's Fury	Robbie Gould	PK	SFO	North	2021
17	204	Banana's Bunch	Mason Crosby	PK	GBP	North	2021
1	1	Offensive Lyonmen	Christian McCaffrey	RB	CAR	South 	2021
1	2	Unicorns & Cremes	Dalvin Cook	RB	MIN	South 	2021
1	3	Cosmo's Crew	Derrick Henry	RB	TEN	South 	2021
1	4	M-Dogg	Alvin Kamara	RB	NOS	South 	2021
1	5	Water Rats	Davante Adams	WR	GBP	South 	2021
1	6	Hail to the Chef	Ezekiel Elliott	RB	DAL	South 	2021
1	7	Renegades	Aaron Jones	RB	GBP	South 	2021
1	8	The Motor City Kitties	Tyreek Hill	WR	KCC	South 	2021
1	9	Slammin Salmons	Saquon Barkley	RB	NYG	South 	2021
1	10	Maryland Madness	Austin Ekeler	RB	LAC	South 	2021
1	11	Baby Fumblers	Jonathan Taylor	RB	IND	South 	2021
1	12	Team Jackson	Nick Chubb	RB	CLE	South 	2021
2	13	Team Jackson	DeAndre Hopkins	WR	ARI	South 	2021
2	14	Baby Fumblers	Antonio Gibson	RB	WAS	South 	2021
2	15	Maryland Madness	Stefon Diggs	WR	BUF	South 	2021
2	16	Slammin Salmons	Patrick Mahomes	QB	KCC	South 	2021
2	17	The Motor City Kitties	Joe Mixon	RB	CIN	South 	2021
2	18	Renegades	Najee Harris	RB	PIT	South 	2021
2	19	Hail to the Chef	Travis Kelce	TE	KCC	South 	2021
2	20	Water Rats	DK Metcalf	WR	SEA	South 	2021
2	21	M-Dogg	Clyde Edwards-Helaire	RB	KCC	South 	2021
2	22	Cosmo's Crew	Keenan Allen	WR	LAC	South 	2021
2	23	Unicorns & Cremes	Calvin Ridley	WR	ATL	South 	2021
2	24	Offensive Lyonmen	Justin Jefferson	WR	MIN	South 	2021
3	25	Offensive Lyonmen	A.J. Brown	WR	TEN	South 	2021
3	26	Unicorns & Cremes	Mike Evans	WR	TBB	South 	2021
3	27	Cosmo's Crew	Chris Carson	RB	SEA	South 	2021
3	28	M-Dogg	Darren Waller	TE	LVR	South 	2021
3	29	Water Rats	Miles Sanders	RB	PHI	South 	2021
3	30	Hail to the Chef	CeeDee Lamb	WR	DAL	South 	2021
3	31	Renegades	Allen Robinson	WR	CHI	South 	2021
3	32	The Motor City Kitties	David Montgomery	RB	CHI	South 	2021
3	33	Slammin Salmons	George Kittle	TE	SFO	South 	2021
3	34	Maryland Madness	D'Andre Swift	RB	DET	South 	2021
3	35	Baby Fumblers	Terry McLaurin	WR	WAS	South 	2021
3	36	Team Jackson	Josh Jacobs	RB	LVR	South 	2021
4	37	Team Jackson	Chris Godwin	WR	TBB	South 	2021
4	38	Baby Fumblers	Robert Woods	WR	LAR	South 	2021
4	39	Maryland Madness	Tyler Lockett	WR	SEA	South 	2021
4	40	Slammin Salmons	Julio Jones	WR	TEN	South 	2021
4	41	The Motor City Kitties	D.J. Moore	WR	CAR	South 	2021
4	42	Renegades	Amari Cooper	WR	DAL	South 	2021
4	43	Hail to the Chef	Josh Allen	QB	BUF	South 	2021
4	44	Water Rats	Kyler Murray	QB	ARI	South 	2021
4	45	M-Dogg	Cooper Kupp	WR	LAR	South 	2021
4	46	Cosmo's Crew	Tee Higgins	WR	CIN	South 	2021
4	47	Unicorns & Cremes	James Robinson	RB	JAC	South 	2021
4	48	Offensive Lyonmen	Gus Edwards	RB	BAL	South 	2021
5	49	Offensive Lyonmen	Lamar Jackson	QB	BAL	South 	2021
5	50	Unicorns & Cremes	Chase Edmonds	RB	ARI	South 	2021
5	51	Cosmo's Crew	Kareem Hunt	RB	CLE	South 	2021
5	52	M-Dogg	Adam Thielen	WR	MIN	South 	2021
5	53	Water Rats	JuJu Smith-Schuster	WR	PIT	South 	2021
5	54	Hail to the Chef	Mike Davis	RB	ATL	South 	2021
5	55	Renegades	Mark Andrews	TE	BAL	South 	2021
5	56	The Motor City Kitties	Diontae Johnson	WR	PIT	South 	2021
5	57	Slammin Salmons	Myles Gaskin	RB	MIA	South 	2021
5	58	Maryland Madness	Brandin Cooks	WR	HOU	South 	2021
5	59	Baby Fumblers	Brandon Aiyuk	WR	SFO	South 	2021
5	60	Team Jackson	Raheem Mostert	RB	SFO	South 	2021
6	61	Team Jackson	Ja'Marr Chase	WR	CIN	South 	2021
6	62	Baby Fumblers	Javonte Williams	RB	DEN	South 	2021
6	63	Maryland Madness	Russell Wilson	QB	SEA	South 	2021
6	64	Slammin Salmons	Aaron Rodgers	QB	GBP	South 	2021
6	65	The Motor City Kitties	Kyle Pitts	TE	ATL	South 	2021
6	66	Renegades	Dak Prescott	QB	DAL	South 	2021
6	67	Hail to the Chef	Odell Beckham	WR	LAR	South 	2021
6	68	Water Rats	Zach Ertz	TE	ARI	South 	2021
6	69	M-Dogg	Tom Brady	QB	TBB	South 	2021
6	70	Cosmo's Crew	Jerry Jeudy	WR	DEN	South 	2021
6	71	Unicorns & Cremes	T.J. Hockenson	TE	DET	South 	2021
6	72	Offensive Lyonmen	Chase Claypool	WR	PIT	South 	2021
7	73	Offensive Lyonmen	Laviska Shenault	WR	JAC	South 	2021
7	74	Unicorns & Cremes	Robby Anderson	WR	CAR	South 	2021
7	75	Cosmo's Crew	Justin Herbert	QB	LAC	South 	2021
7	76	M-Dogg	Tyler Boyd	WR	CIN	South 	2021
7	77	Water Rats	Trevor Lawrence	QB	JAC	South 	2021
7	78	Hail to the Chef	Damien Harris	RB	NEP	South 	2021
7	79	Renegades	Darrell Henderson	RB	LAR	South 	2021
7	80	The Motor City Kitties	Courtland Sutton	WR	DEN	South 	2021
7	81	Slammin Salmons	Kenny Golladay	WR	NYG	South 	2021
7	82	Maryland Madness	Melvin Gordon	RB	DEN	South 	2021
7	83	Baby Fumblers	Logan Thomas	TE	WAS	South 	2021
7	84	Team Jackson	Jarvis Landry	WR	CLE	South 	2021
8	85	Team Jackson	Ronald Jones	RB	TBB	South 	2021
8	86	Baby Fumblers	Matthew Stafford	QB	LAR	South 	2021
8	87	Maryland Madness	DeVonta Smith	WR	PHI	South 	2021
8	88	Slammin Salmons	Michael Thomas	WR	NOS	South 	2021
8	89	The Motor City Kitties	Trey Sermon	RB	SFO	South 	2021
8	90	Renegades	Marvin Jones	WR	JAC	South 	2021
8	91	Hail to the Chef	Corey Davis	WR	NYJ	South 	2021
8	92	Water Rats	Leonard Fournette	RB	TBB	South 	2021
8	93	M-Dogg	Curtis Samuel	WR	WAS	South 	2021
8	94	Cosmo's Crew	D.J. Chark	WR	JAC	South 	2021
8	95	Unicorns & Cremes	James Conner	RB	ARI	South 	2021
8	96	Offensive Lyonmen	Zack Moss	RB	BUF	South 	2021
9	97	Offensive Lyonmen	Noah Fant	TE	DEN	South 	2021
9	98	Unicorns & Cremes	Ryan Tannehill	QB	TEN	South 	2021
9	99	Cosmo's Crew	Tyler Higbee	TE	LAR	South 	2021
9	100	M-Dogg	Michael Pittman	WR	IND	South 	2021
9	101	Water Rats	Jared Cook	TE	LAC	South 	2021
9	102	Hail to the Chef	Deebo Samuel	WR	SFO	South 	2021
9	103	Renegades	Jamaal Williams	RB	DET	South 	2021
9	104	The Motor City Kitties	Marquise Brown	WR	BAL	South 	2021
9	105	Slammin Salmons	Devin Singletary	RB	BUF	South 	2021
9	106	Maryland Madness	Dallas Goedert	TE	PHI	South 	2021
9	107	Baby Fumblers	Sony Michel	RB	LAR	South 	2021
9	108	Team Jackson	Anthony Firkser	TE	TEN	South 	2021
10	109	Team Jackson	Sterling Shepard	WR	NYG	South 	2021
10	110	Baby Fumblers	AJ Dillon	RB	GBP	South 	2021
10	111	Maryland Madness	Russell Gage	WR	ATL	South 	2021
10	112	Slammin Salmons	Los Angeles Rams	Def	LAR	South 	2021
10	113	The Motor City Kitties	Michael Carter	RB	NYJ	South 	2021
10	114	Renegades	Jakobi Meyers	WR	NEP	South 	2021
10	115	Hail to the Chef	Antonio Brown	WR	FA	South 	2021
10	116	Water Rats	Henry Ruggs	WR	FA	South 	2021
10	117	M-Dogg	Kenyan Drake	RB	LVR	South 	2021
10	118	Cosmo's Crew	James White	RB	NEP	South 	2021
10	119	Unicorns & Cremes	Mecole Hardman	WR	KCC	South 	2021
10	120	Offensive Lyonmen	Jalen Hurts	QB	PHI	South 	2021
11	121	Offensive Lyonmen	Marquez Callaway	WR	NOS	South 	2021
11	122	Unicorns & Cremes	Darnell Mooney	WR	CHI	South 	2021
11	123	Cosmo's Crew	Michael Gallup	WR	DAL	South 	2021
11	124	M-Dogg	Cole Beasley	WR	BUF	South 	2021
11	125	Water Rats	Carlos Hyde	RB	JAC	South 	2021
11	126	Hail to the Chef	Tony Pollard	RB	DAL	South 	2021
11	127	Renegades	J.D. McKissic	RB	WAS	South 	2021
11	128	The Motor City Kitties	Jonnu Smith	TE	NEP	South 	2021
11	129	Slammin Salmons	Robert Tonyan	TE	GBP	South 	2021
11	130	Maryland Madness	David Johnson	RB	HOU	South 	2021
11	131	Baby Fumblers	Jaylen Waddle	WR	MIA	South 	2021
11	132	Team Jackson	Joe Burrow	QB	CIN	South 	2021
12	133	Team Jackson	Jamison Crowder	WR	NYJ	South 	2021
12	134	Baby Fumblers	Elijah Moore	WR	NYJ	South 	2021
12	135	Maryland Madness	Baltimore Ravens	Def	BAL	South 	2021
12	136	Slammin Salmons	Buffalo Bills	Def	BUF	South 	2021
12	137	The Motor City Kitties	Baker Mayfield	QB	CLE	South 	2021
12	138	Renegades	Mike Williams	WR	LAC	South 	2021
12	139	Hail to the Chef	Nyheim Hines	RB	IND	South 	2021
12	140	Water Rats	Justin Tucker	PK	BAL	South 	2021
12	141	M-Dogg	Phillip Lindsay	RB	MIA	South 	2021
12	142	Cosmo's Crew	Mike Gesicki	TE	MIA	South 	2021
12	143	Unicorns & Cremes	Rhamondre Stevenson	RB	NEP	South 	2021
12	144	Offensive Lyonmen	Alexander Mattison	RB	MIN	South 	2021
13	145	Offensive Lyonmen	Darrynton Evans	RB	TEN	South 	2021
13	146	Unicorns & Cremes	Kirk Cousins	QB	MIN	South 	2021
13	147	Cosmo's Crew	Tua Tagovailoa	QB	MIA	South 	2021
13	148	M-Dogg	Rob Gronkowski	TE	TBB	South 	2021
13	149	Water Rats	Pittsburgh Steelers	Def	PIT	South 	2021
13	150	Hail to the Chef	Will Fuller	WR	MIA	South 	2021
13	151	Renegades	Washington Football Team	Def	WAS	South 	2021
13	152	The Motor City Kitties	Tampa Bay Buccaneers	Def	TBB	South 	2021
13	153	Slammin Salmons	Harrison Butker	PK	KCC	South 	2021
13	154	Maryland Madness	Rondale Moore	WR	ARI	South 	2021
13	155	Baby Fumblers	DeVante Parker	WR	MIA	South 	2021
13	156	Team Jackson	Jalen Reagor	WR	PHI	South 	2021
14	157	Team Jackson	Tevin Coleman	RB	NYJ	South 	2021
14	158	Baby Fumblers	Trey Lance	QB	SFO	South 	2021
14	159	Maryland Madness	Blake Jarwin	TE	DAL	South 	2021
14	160	Slammin Salmons	Younghoe Koo	PK	ATL	South 	2021
14	161	The Motor City Kitties	Ben Roethlisberger	QB	PIT	South 	2021
14	162	Renegades	Gerald Everett	TE	SEA	South 	2021
14	163	Hail to the Chef	New England Patriots	Def	NEP	South 	2021
14	164	Water Rats	Kansas City Chiefs	Def	KCC	South 	2021
14	165	M-Dogg	Rashaad Penny	RB	SEA	South 	2021
14	166	Cosmo's Crew	Giovani Bernard	RB	TBB	South 	2021
14	167	Unicorns & Cremes	Nelson Agholor	WR	NEP	South 	2021
14	168	Offensive Lyonmen	San Francisco 49ers	Def	SFO	South 	2021
15	169	Offensive Lyonmen	Bryan Edwards	WR	LVR	South 	2021
15	170	Unicorns & Cremes	Miami Dolphins	Def	MIA	South 	2021
15	171	Cosmo's Crew	Latavius Murray	RB	BAL	South 	2021
15	172	M-Dogg	Denver Broncos	Def	DEN	South 	2021
15	173	Water Rats	Jake Elliott	PK	PHI	South 	2021
15	174	Hail to the Chef	Matt Ryan	QB	ATL	South 	2021
15	175	Renegades	Rodrigo Blankenship	PK	IND	South 	2021
15	176	The Motor City Kitties	A.J. Green	WR	ARI	South 	2021
15	177	Slammin Salmons	Tyrell Williams	WR	FA	South 	2021
15	178	Maryland Madness	Terrace Marshall	WR	CAR	South 	2021
15	179	Baby Fumblers	Indianapolis Colts	Def	IND	South 	2021
15	180	Team Jackson	Cleveland Browns	Def	CLE	South 	2021
16	181	Team Jackson	Hunter Henry	TE	NEP	South 	2021
16	182	Baby Fumblers	Tyler Bass	PK	BUF	South 	2021
16	183	Maryland Madness	Ryan Succop	PK	TBB	South 	2021
16	184	Slammin Salmons	Evan Engram	TE	NYG	South 	2021
16	185	The Motor City Kitties	Jason Sanders	PK	MIA	South 	2021
16	186	Renegades	Jameis Winston	QB	NOS	South 	2021
16	187	Hail to the Chef	Greg Zuerlein	PK	DAL	South 	2021
16	188	Water Rats	Mark Ingram	RB	NOS	South 	2021
16	189	M-Dogg	Robbie Gould	PK	SFO	South 	2021
16	190	Cosmo's Crew	Green Bay Packers	Def	GBP	South 	2021
16	191	Unicorns & Cremes	Pat Freiermuth	TE	PIT	South 	2021
16	192	Offensive Lyonmen	Randall Cobb	WR	GBP	South 	2021
17	193	Offensive Lyonmen	Daniel Carlson	PK	LVR	South 	2021
17	194	Unicorns & Cremes	Jason Myers	PK	SEA	South 	2021
17	195	Cosmo's Crew	Mason Crosby	PK	GBP	South 	2021
17	196	M-Dogg	Darrel Williams	RB	KCC	South 	2021
17	197	Water Rats	O.J. Howard	TE	TBB	South 	2021
17	198	Hail to the Chef	Cole Kmet	TE	CHI	South 	2021
17	199	Renegades	Parris Campbell	WR	IND	South 	2021
17	200	The Motor City Kitties	Boston Scott	RB	PHI	South 	2021
17	201	Slammin Salmons	Marlon Mack	RB	IND	South 	2021
17	202	Maryland Madness	Derek Carr	QB	LVR	South 	2021
17	203	Baby Fumblers	Austin Hooper	TE	CLE	South 	2021
17	204	Team Jackson	Matt Gay	PK	LAR	South 	2021
1	1	Rory's Fury	Saquon Barkley	RB	NYG	North	2020
1	2	50,000 Watts of Funkin	Christian McCaffrey	RB	CAR	North	2020
1	3	Schmidts & Giggles	Ezekiel Elliott	RB	DAL	North	2020
1	4	The Motor City	Derrick Henry	RB	TEN	North	2020
1	5	Kitties	Michael Thomas	WR	NOS	North	2020
1	6	Moose Men	Alvin Kamara	RB	NOS	North	2020
1	7	Baby Fumblers	Lamar Jackson	QB	BAL	North	2020
1	8	Cosmo's Crew	Dalvin Cook	RB	MIN	North	2020
1	9	Renegades	Clyde Edwards-Helaire	RB	KCC	North	2020
1	10	Raptors	Davante Adams	WR	GBP	North	2020
1	11	My Balls are Perfect	Josh Jacobs	RB	LVR	North	2020
1	12	Rusty Hammer	Aaron Jones	RB	GBP	North	2020
2	13	Team Jackson	DeAndre Hopkins	WR	ARI	North	2020
2	14	Team Jackson	Julio Jones	WR	ATL	North	2020
2	15	Rusty Hammer	Nick Chubb	RB	CLE	North	2020
2	16	My Balls are Perfect	Austin Ekeler	RB	LAC	North	2020
2	17	Raptors	Joe Mixon	RB	CIN	North	2020
2	18	Renegades	Miles Sanders	RB	PHI	North	2020
2	19	Cosmo's Crew	Kenyan Drake	RB	ARI	North	2020
2	20	Baby Fumblers	Patrick Mahomes	QB	KCC	North	2020
2	21	Moose Men	Tyreek Hill	WR	KCC	North	2020
2	22	Kitties	Chris Godwin	WR	TBB	North	2020
2	23	The Motor City	James Conner	RB	PIT	North	2020
2	24	Schmidts & Giggles	Travis Kelce	TE	KCC	North	2020
3	25	50,000 Watts of Funkin	Mike Evans	WR	TBB	North	2020
3	26	Rory's Fury	Kenny Golladay	WR	DET	North	2020
3	27	Rory's Fury	Deshaun Watson	QB	HOU	North	2020
3	28	50,000 Watts of Funkin	George Kittle	TE	SFO	North	2020
3	29	Schmidts & Giggles	Leonard Fournette	RB	TBB	North	2020
3	30	The Motor City	Allen Robinson	WR	CHI	North	2020
3	31	Kitties	Adam Thielen	WR	MIN	North	2020
3	32	Moose Men	D.J. Moore	WR	CAR	North	2020
3	33	Baby Fumblers	Cooper Kupp	WR	LAR	North	2020
3	34	Cosmo's Crew	Amari Cooper	WR	DAL	North	2020
3	35	Renegades	Zach Ertz	TE	PHI	North	2020
3	36	Raptors	Todd Gurley	RB	ATL	North	2020
4	37	My Balls are Perfect	Odell Beckham	WR	CLE	North	2020
4	38	Rusty Hammer	Mark Andrews	TE	BAL	North	2020
4	39	Team Jackson	Le'Veon Bell	RB	KCC	North	2020
4	40	Team Jackson	Calvin Ridley	WR	ATL	North	2020
4	41	Rusty Hammer	Tyler Lockett	WR	SEA	North	2020
4	42	My Balls are Perfect	DK Metcalf	WR	SEA	North	2020
4	43	Raptors	Robert Woods	WR	LAR	North	2020
4	44	Renegades	David Johnson	RB	HOU	North	2020
4	45	Cosmo's Crew	JuJu Smith-Schuster	WR	PIT	North	2020
4	46	Baby Fumblers	Mark Ingram	RB	FA	North	2020
4	47	Moose Men	A.J. Brown	WR	TEN	North	2020
4	48	Kitties	Keenan Allen	WR	LAC	North	2020
5	49	The Motor City	Chris Carson	RB	SEA	North	2020
5	50	Schmidts & Giggles	Cam Akers	RB	LAR	North	2020
5	51	50,000 Watts of Funkin	A.J. Green	WR	CIN	North	2020
5	52	Rory's Fury	Jonathan Taylor	RB	IND	North	2020
5	53	Rory's Fury	Stefon Diggs	WR	BUF	North	2020
5	54	50,000 Watts of Funkin	Melvin Gordon	RB	DEN	North	2020
5	55	Schmidts & Giggles	Raheem Mostert	RB	SFO	North	2020
5	56	The Motor City	Kareem Hunt	RB	CLE	North	2020
5	57	Kitties	Terry McLaurin	WR	WAS	North	2020
5	58	Moose Men	DeVante Parker	WR	MIA	North	2020
5	59	Baby Fumblers	Courtland Sutton	WR	DEN	North	2020
5	60	Cosmo's Crew	Devin Singletary	RB	BUF	North	2020
6	61	Renegades	Jarvis Landry	WR	CLE	North	2020
6	62	Raptors	Darren Waller	TE	LVR	North	2020
6	63	My Balls are Perfect	Dak Prescott	QB	DAL	North	2020
6	64	Rusty Hammer	Tarik Cohen	RB	CHI	North	2020
6	65	Team Jackson	Russell Wilson	QB	SEA	North	2020
6	66	Team Jackson	Tyler Boyd	WR	CIN	North	2020
6	67	Rusty Hammer	D.J. Chark	WR	JAC	North	2020
6	68	My Balls are Perfect	Julian Edelman	WR	NEP	North	2020
6	69	Raptors	Michael Gallup	WR	DAL	North	2020
6	70	Renegades	Jared Cook	TE	NOS	North	2020
6	71	Cosmo's Crew	Aaron Rodgers	QB	GBP	North	2020
6	72	Baby Fumblers	Kyler Murray	QB	ARI	North	2020
7	73	Moose Men	Brandin Cooks	WR	HOU	North	2020
7	74	Kitties	Marquise Brown	WR	BAL	North	2020
7	75	The Motor City	James White	RB	NEP	North	2020
7	76	Schmidts & Giggles	Jordan Howard	RB	PHI	North	2020
7	77	50,000 Watts of Funkin	Antonio Gibson	RB	WAS	North	2020
7	78	Rory's Fury	Hayden Hurst	TE	ATL	North	2020
7	79	Rory's Fury	J.K. Dobbins	RB	BAL	North	2020
7	80	50,000 Watts of Funkin	T.Y. Hilton	WR	IND	North	2020
7	81	Schmidts & Giggles	Tyler Higbee	TE	LAR	North	2020
7	82	The Motor City	Golden Tate	WR	NYG	North	2020
7	83	Kitties	D'Andre Swift	RB	DET	North	2020
7	84	Moose Men	Drew Brees	QB	NOS	North	2020
8	85	Baby Fumblers	Darius Slayton	WR	NYG	North	2020
8	86	Cosmo's Crew	Zack Moss	RB	BUF	North	2020
8	87	Renegades	Rob Gronkowski	TE	TBB	North	2020
8	88	Raptors	Will Fuller	WR	HOU	North	2020
8	89	My Balls are Perfect	Hunter Henry	TE	LAC	North	2020
8	90	Rusty Hammer	CeeDee Lamb	WR	DAL	North	2020
8	91	Team Jackson	Diontae Johnson	WR	PIT	North	2020
8	92	Team Jackson	Kerryon Johnson	RB	DET	North	2020
8	93	Rusty Hammer	Sterling Shepard	WR	NYG	North	2020
8	94	My Balls are Perfect	Curtis Samuel	WR	CAR	North	2020
8	95	Raptors	Evan Engram	TE	NYG	North	2020
8	96	Renegades	Jerry Jeudy	WR	DEN	North	2020
9	97	Cosmo's Crew	Christian Kirk	WR	ARI	North	2020
9	98	Baby Fumblers	Marlon Mack	RB	IND	North	2020
9	99	Moose Men	Marvin Jones	WR	DET	North	2020
9	100	Kitties	Emmanuel Sanders	WR	NOS	North	2020
9	101	The Motor City	Justin Jefferson	WR	MIN	North	2020
9	102	Schmidts & Giggles	Matt Ryan	QB	ATL	North	2020
9	103	50,000 Watts of Funkin	Phillip Lindsay	RB	DEN	North	2020
9	104	Rory's Fury	Latavius Murray	RB	NOS	North	2020
9	105	Rory's Fury	Carson Wentz	QB	PHI	North	2020
9	106	50,000 Watts of Funkin	David Montgomery	RB	CHI	North	2020
9	107	Schmidts & Giggles	Ronald Jones	RB	TBB	North	2020
9	108	The Motor City	Noah Fant	TE	DEN	North	2020
10	109	Kitties	Chris Thompson	RB	JAC	North	2020
10	110	Moose Men	Josh Allen	QB	BUF	North	2020
10	111	Baby Fumblers	Breshad Perriman	WR	NYJ	North	2020
10	112	Cosmo's Crew	Matt Breida	RB	MIA	North	2020
10	113	Renegades	Jamison Crowder	WR	NYJ	North	2020
10	114	Raptors	Deebo Samuel	WR	SFO	North	2020
10	115	My Balls are Perfect	Chase Edmonds	RB	ARI	North	2020
10	116	Rusty Hammer	Nyheim Hines	RB	IND	North	2020
10	117	Team Jackson	Austin Hooper	TE	CLE	North	2020
10	118	Team Jackson	Sony Michel	RB	NEP	North	2020
10	119	Rusty Hammer	Henry Ruggs	WR	LVR	North	2020
10	120	My Balls are Perfect	Mike Gesicki	TE	MIA	North	2020
11	121	Raptors	Boston Scott	RB	PHI	North	2020
11	122	Renegades	San Francisco 49ers	Def	SFO	North	2020
11	123	Cosmo's Crew	Cam Newton	QB	NEP	North	2020
11	124	Baby Fumblers	Jaylen Samuels	RB	PIT	North	2020
11	125	Moose Men	Anthony Miller	WR	CHI	North	2020
11	126	Kitties	Pittsburgh Steelers	Def	PIT	North	2020
11	127	The Motor City	Blake Jarwin	TE	DAL	North	2020
11	128	Schmidts & Giggles	Alexander Mattison	RB	MIN	North	2020
11	129	50,000 Watts of Funkin	Tom Brady	QB	TBB	North	2020
11	130	Rory's Fury	Baltimore Ravens	Def	BAL	North	2020
11	131	Rory's Fury	Darrell Henderson	RB	LAR	North	2020
11	132	50,000 Watts of Funkin	Allen Lazard	WR	GBP	North	2020
12	133	Schmidts & Giggles	Baker Mayfield	QB	CLE	North	2020
12	134	The Motor City	Buffalo Bills	Def	BUF	North	2020
12	135	Kitties	Robby Anderson	WR	CAR	North	2020
12	136	Moose Men	Jonnu Smith	TE	TEN	North	2020
12	137	Baby Fumblers	New Orleans Saints	Def	NOS	North	2020
12	138	Cosmo's Crew	T.J. Hockenson	TE	DET	North	2020
12	139	Renegades	DeSean Jackson	WR	PHI	North	2020
12	140	Raptors	Greg Olsen	TE	FA	North	2020
12	141	My Balls are Perfect	John Brown	WR	BUF	North	2020
12	142	Rusty Hammer	Kyle Rudolph	TE	MIN	North	2020
12	143	Team Jackson	Jimmy Garoppolo	QB	SFO	North	2020
12	144	Team Jackson	Ryquell Armstead	RB	JAC	North	2020
13	145	Rusty Hammer	Parris Campbell	WR	IND	North	2020
13	146	My Balls are Perfect	N'Keal Harry	WR	NEP	North	2020
13	147	Raptors	Kansas City Chiefs	Def	KCC	North	2020
13	148	Renegades	Jared Goff	QB	DET	North	2020
13	149	Cosmo's Crew	Duke Johnson	RB	HOU	North	2020
13	150	Baby Fumblers	Tevin Coleman	RB	SFO	North	2020
13	151	Moose Men	Mecole Hardman	WR	KCC	North	2020
13	152	Kitties	Carlos Hyde	RB	SEA	North	2020
13	153	The Motor City	Brandon Aiyuk	WR	SFO	North	2020
13	154	Schmidts & Giggles	Justin Jackson	RB	LAC	North	2020
13	155	50,000 Watts of Funkin	Mike Williams	WR	LAC	North	2020
13	156	Rory's Fury	Bryce Love	RB	WAS	North	2020
14	157	Rory's Fury	Corey Davis	WR	TEN	North	2020
14	158	50,000 Watts of Funkin	Preston Williams	WR	MIA	North	2020
14	159	Schmidts & Giggles	Cole Beasley	WR	BUF	North	2020
14	160	The Motor City	Indianapolis Colts	Def	IND	North	2020
14	161	Kitties	Michael Pittman	WR	IND	North	2020
14	162	Moose Men	Joe Burrow	QB	CIN	North	2020
14	163	Baby Fumblers	Joshua Kelley	RB	LAC	North	2020
14	164	Cosmo's Crew	Chicago Bears	Def	CHI	North	2020
14	165	Renegades	Tony Pollard	RB	DAL	North	2020
14	166	Raptors	Justin Tucker	PK	BAL	North	2020
14	167	My Balls are Perfect	Sammy Watkins	WR	KCC	North	2020
14	168	Rusty Hammer	Daniel Jones	QB	NYG	North	2020
15	169	Team Jackson	Dede Westbrook	WR	JAC	North	2020
15	170	Team Jackson	Harrison Butker	PK	KCC	North	2020
15	171	Rusty Hammer	Josh Reynolds	WR	LAR	North	2020
15	172	My Balls are Perfect	Darrel Williams	RB	KCC	North	2020
15	173	Raptors	O.J. Howard	TE	TBB	North	2020
15	174	Renegades	Matthew Stafford	QB	LAR	North	2020
15	175	Cosmo's Crew	Los Angeles Rams	Def	LAR	North	2020
15	176	Baby Fumblers	Wil Lutz	PK	NOS	North	2020
15	177	Moose Men	Robbie Gould	PK	SFO	North	2020
15	178	Kitties	Ka'imi Fairbairn	PK	HOU	North	2020
15	179	The Motor City	Larry Fitzgerald	WR	ARI	North	2020
15	180	Schmidts & Giggles	New England Patriots	Def	NEP	North	2020
16	181	50,000 Watts of Funkin	Chris Herndon	TE	NYJ	North	2020
16	182	Rory's Fury	Greg Zuerlein	PK	DAL	North	2020
16	183	Rory's Fury	Jack Doyle	TE	IND	North	2020
16	184	50,000 Watts of Funkin	Minnesota Vikings	Def	MIN	North	2020
16	185	Schmidts & Giggles	Dallas Goedert	TE	PHI	North	2020
16	186	The Motor City	AJ Dillon	RB	GBP	North	2020
16	187	Kitties	Zane Gonzalez	PK	ARI	North	2020
16	188	Moose Men	Matt Prater	PK	DET	North	2020
16	189	Baby Fumblers	Tampa Bay Buccaneers	Def	TBB	North	2020
16	190	Cosmo's Crew	Jamaal Williams	RB	GBP	North	2020
16	191	Renegades	Cole Kmet	TE	CHI	North	2020
16	192	Raptors	Green Bay Packers	Def	GBP	North	2020
17	193	My Balls are Perfect	Dan Bailey	PK	MIN	North	2020
17	194	Rusty Hammer	Jalen Reagor	WR	PHI	North	2020
17	195	Team Jackson	Tennessee Titans	Def	TEN	North	2020
17	196	Team Jackson	Younghoe Koo	PK	ATL	North	2020
17	197	Rusty Hammer	Hunter Renfrow	WR	LVR	North	2020
17	198	My Balls are Perfect	Damien Harris	RB	NEP	North	2020
17	199	Raptors	Jason Myers	PK	SEA	North	2020
17	200	Renegades	Ben Roethlisberger	QB	PIT	North	2020
17	201	Cosmo's Crew	Jake Elliott	PK	PHI	North	2020
17	202	Baby Fumblers	Randall Cobb	WR	HOU	North	2020
17	203	Moose Men	Alshon Jeffery	WR	PHI	North	2020
17	204	Kitties	Josh Lambo	PK	JAC	North	2020
1	1	M-Dogg	Saquon Barkley	RB	NYG	South 	2020
1	2	Playoff Donkeys	Christian McCaffrey	RB	CAR	South 	2020
1	3	Maryland Madness	Ezekiel Elliott	RB	DAL	South 	2020
1	4	Hail to the Chef	Michael Thomas	WR	NOS	South 	2020
1	5	Offensive Lyonmen	Dalvin Cook	RB	MIN	South 	2020
1	6	Gridiron Guru	Alvin Kamara	RB	NOS	South 	2020
1	7	AFCCP	Clyde Edwards-Helaire	RB	KCC	South 	2020
1	8	Banana's Bunch	Derrick Henry	RB	TEN	South 	2020
1	9	Steers and Beers	Davante Adams	WR	GBP	South 	2020
1	10	Water Rats	Lamar Jackson	QB	BAL	South 	2020
1	11	Buck Wild Roosters	Joe Mixon	RB	CIN	South 	2020
1	12	Poner	Julio Jones	WR	ATL	South 	2020
2	13	Poner	Mike Evans	WR	TBB	South 	2020
2	14	Buck Wild Roosters	DeAndre Hopkins	WR	ARI	South 	2020
2	15	Water Rats	Chris Godwin	WR	TBB	South 	2020
2	16	Steers and Beers	Travis Kelce	TE	KCC	South 	2020
2	17	Banana's Bunch	Nick Chubb	RB	CLE	South 	2020
2	18	AFCCP	Josh Jacobs	RB	LVR	South 	2020
2	19	Gridiron Guru	Patrick Mahomes	QB	KCC	South 	2020
2	20	Offensive Lyonmen	Tyreek Hill	WR	KCC	South 	2020
2	21	Hail to the Chef	Kenyan Drake	RB	ARI	South 	2020
2	22	Maryland Madness	Miles Sanders	RB	PHI	South 	2020
2	23	Playoff Donkeys	Aaron Jones	RB	GBP	South 	2020
2	24	M-Dogg	Austin Ekeler	RB	LAC	South 	2020
3	25	M-Dogg	Chris Carson	RB	SEA	South 	2020
3	26	Playoff Donkeys	George Kittle	TE	SFO	South 	2020
3	27	Maryland Madness	Allen Robinson	WR	CHI	South 	2020
3	28	Hail to the Chef	Todd Gurley	RB	ATL	South 	2020
3	29	Offensive Lyonmen	Kenny Golladay	WR	DET	South 	2020
3	30	Gridiron Guru	Odell Beckham	WR	CLE	South 	2020
3	31	AFCCP	Mark Ingram	RB	FA	South 	2020
3	32	Banana's Bunch	Amari Cooper	WR	DAL	South 	2020
3	33	Steers and Beers	Dak Prescott	QB	DAL	South 	2020
3	34	Water Rats	Adam Thielen	WR	MIN	South 	2020
3	35	Buck Wild Roosters	David Johnson	RB	HOU	South 	2020
3	36	Poner	D.J. Moore	WR	CAR	South 	2020
4	37	Poner	Mark Andrews	TE	BAL	South 	2020
4	38	Buck Wild Roosters	D.J. Chark	WR	JAC	South 	2020
4	39	Water Rats	Melvin Gordon	RB	DEN	South 	2020
4	40	Steers and Beers	Le'Veon Bell	RB	KCC	South 	2020
4	41	Banana's Bunch	Calvin Ridley	WR	ATL	South 	2020
4	42	AFCCP	James Conner	RB	PIT	South 	2020
4	43	Gridiron Guru	Robert Woods	WR	LAR	South 	2020
4	44	Offensive Lyonmen	Cooper Kupp	WR	LAR	South 	2020
4	45	Hail to the Chef	Zach Ertz	TE	PHI	South 	2020
4	46	Maryland Madness	Keenan Allen	WR	LAC	South 	2020
4	47	Playoff Donkeys	A.J. Brown	WR	TEN	South 	2020
4	48	M-Dogg	JuJu Smith-Schuster	WR	PIT	South 	2020
5	49	M-Dogg	Tyler Lockett	WR	SEA	South 	2020
5	50	Playoff Donkeys	Terry McLaurin	WR	WAS	South 	2020
5	51	Maryland Madness	DK Metcalf	WR	SEA	South 	2020
5	52	Hail to the Chef	Courtland Sutton	WR	DEN	South 	2020
5	53	Offensive Lyonmen	T.Y. Hilton	WR	IND	South 	2020
5	54	Gridiron Guru	Darren Waller	TE	LVR	South 	2020
5	55	AFCCP	Stefon Diggs	WR	BUF	South 	2020
5	56	Banana's Bunch	Leonard Fournette	RB	TBB	South 	2020
5	57	Steers and Beers	A.J. Green	WR	CIN	South 	2020
5	58	Water Rats	Jonathan Taylor	RB	IND	South 	2020
5	59	Buck Wild Roosters	Raheem Mostert	RB	SFO	South 	2020
5	60	Poner	Russell Wilson	QB	SEA	South 	2020
6	61	Poner	Michael Gallup	WR	DAL	South 	2020
6	62	Buck Wild Roosters	Jordan Howard	RB	PHI	South 	2020
6	63	Water Rats	Antonio Gibson	RB	WAS	South 	2020
6	64	Steers and Beers	Deshaun Watson	QB	HOU	South 	2020
6	65	Banana's Bunch	James White	RB	NEP	South 	2020
6	66	AFCCP	Marquise Brown	WR	BAL	South 	2020
6	67	Gridiron Guru	Kareem Hunt	RB	CLE	South 	2020
6	68	Offensive Lyonmen	Devin Singletary	RB	BUF	South 	2020
6	69	Hail to the Chef	Jarvis Landry	WR	CLE	South 	2020
6	70	Maryland Madness	DeVante Parker	WR	MIA	South 	2020
6	71	Playoff Donkeys	Tyler Boyd	WR	CIN	South 	2020
6	72	M-Dogg	Cam Akers	RB	LAR	South 	2020
7	73	M-Dogg	Kerryon Johnson	RB	DET	South 	2020
7	74	Playoff Donkeys	D'Andre Swift	RB	DET	South 	2020
7	75	Maryland Madness	Julian Edelman	WR	NEP	South 	2020
7	76	Hail to the Chef	Tarik Cohen	RB	CHI	South 	2020
7	77	Offensive Lyonmen	Kyler Murray	QB	ARI	South 	2020
7	78	Gridiron Guru	Brandin Cooks	WR	HOU	South 	2020
7	79	AFCCP	Marvin Jones	WR	DET	South 	2020
7	80	Banana's Bunch	J.K. Dobbins	RB	BAL	South 	2020
7	81	Steers and Beers	Golden Tate	WR	NYG	South 	2020
7	82	Water Rats	Rob Gronkowski	TE	TBB	South 	2020
7	83	Buck Wild Roosters	Sterling Shepard	WR	NYG	South 	2020
7	84	Poner	Evan Engram	TE	NYG	South 	2020
8	85	Poner	Ronald Jones	RB	TBB	South 	2020
8	86	Buck Wild Roosters	Phillip Lindsay	RB	DEN	South 	2020
8	87	Water Rats	Hunter Henry	TE	LAC	South 	2020
8	88	Steers and Beers	Deebo Samuel	WR	SFO	South 	2020
8	89	Banana's Bunch	Will Fuller	WR	HOU	South 	2020
8	90	AFCCP	Jamison Crowder	WR	NYJ	South 	2020
8	91	Gridiron Guru	Diontae Johnson	WR	PIT	South 	2020
8	92	Offensive Lyonmen	CeeDee Lamb	WR	DAL	South 	2020
8	93	Hail to the Chef	Bryce Love	RB	WAS	South 	2020
8	94	Maryland Madness	Sony Michel	RB	NEP	South 	2020
8	95	Playoff Donkeys	Jared Cook	TE	NOS	South 	2020
8	96	M-Dogg	David Montgomery	RB	CHI	South 	2020
9	97	M-Dogg	Tom Brady	QB	TBB	South 	2020
9	98	Playoff Donkeys	Darius Slayton	WR	NYG	South 	2020
9	99	Maryland Madness	Drew Brees	QB	NOS	South 	2020
9	100	Hail to the Chef	Zack Moss	RB	BUF	South 	2020
9	101	Offensive Lyonmen	Christian Kirk	WR	ARI	South 	2020
9	102	Gridiron Guru	Chris Thompson	RB	JAC	South 	2020
9	103	AFCCP	Tyler Higbee	TE	LAR	South 	2020
9	104	Banana's Bunch	Jerry Jeudy	WR	DEN	South 	2020
9	105	Steers and Beers	Marlon Mack	RB	IND	South 	2020
9	106	Water Rats	Cam Newton	QB	NEP	South 	2020
9	107	Buck Wild Roosters	Emmanuel Sanders	WR	NOS	South 	2020
9	108	Poner	Matt Breida	RB	MIA	South 	2020
10	109	Poner	DeSean Jackson	WR	PHI	South 	2020
10	110	Buck Wild Roosters	Duke Johnson	RB	HOU	South 	2020
10	111	Water Rats	Preston Williams	WR	MIA	South 	2020
10	112	Steers and Beers	Latavius Murray	RB	NOS	South 	2020
10	113	Banana's Bunch	John Brown	WR	BUF	South 	2020
10	114	AFCCP	Henry Ruggs	WR	LVR	South 	2020
10	115	Gridiron Guru	Josh Allen	QB	BUF	South 	2020
10	116	Offensive Lyonmen	Hayden Hurst	TE	ATL	South 	2020
10	117	Hail to the Chef	Justin Jefferson	WR	MIN	South 	2020
10	118	Maryland Madness	Austin Hooper	TE	CLE	South 	2020
10	119	Playoff Donkeys	Aaron Rodgers	QB	GBP	South 	2020
10	120	M-Dogg	Anthony Miller	WR	CHI	South 	2020
11	121	M-Dogg	Darrell Henderson	RB	LAR	South 	2020
11	122	Playoff Donkeys	Matt Ryan	QB	ATL	South 	2020
11	123	Maryland Madness	T.J. Hockenson	TE	DET	South 	2020
11	124	Hail to the Chef	Tevin Coleman	RB	SFO	South 	2020
11	125	Offensive Lyonmen	Damien Harris	RB	NEP	South 	2020
11	126	Gridiron Guru	Noah Fant	TE	DEN	South 	2020
11	127	AFCCP	Boston Scott	RB	PHI	South 	2020
11	128	Banana's Bunch	Matthew Stafford	QB	LAR	South 	2020
11	129	Steers and Beers	Blake Jarwin	TE	DAL	South 	2020
11	130	Water Rats	Justin Tucker	PK	BAL	South 	2020
11	131	Buck Wild Roosters	Carson Wentz	QB	PHI	South 	2020
11	132	Poner	Pittsburgh Steelers	Def	PIT	South 	2020
12	133	Poner	Mecole Hardman	WR	KCC	South 	2020
12	134	Buck Wild Roosters	Jared Goff	QB	DET	South 	2020
12	135	Water Rats	Alexander Mattison	RB	MIN	South 	2020
12	136	Steers and Beers	Baltimore Ravens	Def	BAL	South 	2020
12	137	Banana's Bunch	Jack Doyle	TE	IND	South 	2020
12	138	AFCCP	Daniel Jones	QB	NYG	South 	2020
12	139	Gridiron Guru	Allen Lazard	WR	GBP	South 	2020
12	140	Offensive Lyonmen	Mike Gesicki	TE	MIA	South 	2020
12	141	Hail to the Chef	Harrison Butker	PK	KCC	South 	2020
12	142	Maryland Madness	San Francisco 49ers	Def	SFO	South 	2020
12	143	Playoff Donkeys	Darrel Williams	RB	KCC	South 	2020
12	144	M-Dogg	Greg Olsen	TE	FA	South 	2020
13	145	M-Dogg	Tony Pollard	RB	DAL	South 	2020
13	146	Playoff Donkeys	Greg Zuerlein	PK	DAL	South 	2020
13	147	Maryland Madness	Parris Campbell	WR	IND	South 	2020
13	148	Hail to the Chef	Wil Lutz	PK	NOS	South 	2020
13	149	Offensive Lyonmen	Joe Burrow	QB	CIN	South 	2020
13	150	Gridiron Guru	Chase Edmonds	RB	ARI	South 	2020
13	151	AFCCP	Jonnu Smith	TE	TEN	South 	2020
13	152	Banana's Bunch	Justin Jackson	RB	LAC	South 	2020
13	153	Steers and Beers	Nyheim Hines	RB	IND	South 	2020
13	154	Water Rats	Adrian Peterson	RB	DET	South 	2020
13	155	Buck Wild Roosters	C.J. Uzomah	TE	CIN	South 	2020
13	156	Poner	Ben Roethlisberger	QB	PIT	South 	2020
14	157	Poner	Kirk Cousins	QB	MIN	South 	2020
14	158	Buck Wild Roosters	Buffalo Bills	Def	BUF	South 	2020
14	159	Water Rats	Chicago Bears	Def	CHI	South 	2020
14	160	Steers and Beers	Ryan Tannehill	QB	TEN	South 	2020
14	161	Banana's Bunch	Dallas Goedert	TE	PHI	South 	2020
14	162	AFCCP	Baker Mayfield	QB	CLE	South 	2020
14	163	Gridiron Guru	N'Keal Harry	WR	NEP	South 	2020
14	164	Offensive Lyonmen	Los Angeles Rams	Def	LAR	South 	2020
14	165	Hail to the Chef	Curtis Samuel	WR	CAR	South 	2020
14	166	Maryland Madness	Robby Anderson	WR	CAR	South 	2020
14	167	Playoff Donkeys	Kyle Rudolph	TE	MIN	South 	2020
14	168	M-Dogg	Robbie Gould	PK	SFO	South 	2020
15	169	M-Dogg	New England Patriots	Def	NEP	South 	2020
15	170	Playoff Donkeys	Eric Ebron	TE	PIT	South 	2020
15	171	Maryland Madness	Jimmy Garoppolo	QB	SFO	South 	2020
15	172	Hail to the Chef	Chris Herndon	TE	NYJ	South 	2020
15	173	Offensive Lyonmen	New Orleans Saints	Def	NOS	South 	2020
15	174	Gridiron Guru	Michael Pittman	WR	IND	South 	2020
15	175	AFCCP	Philadelphia Eagles	Def	PHI	South 	2020
15	176	Banana's Bunch	Jalen Reagor	WR	PHI	South 	2020
15	177	Steers and Beers	Tampa Bay Buccaneers	Def	TBB	South 	2020
15	178	Water Rats	Kansas City Chiefs	Def	KCC	South 	2020
15	179	Buck Wild Roosters	Ka'imi Fairbairn	PK	HOU	South 	2020
15	180	Poner	Malcolm Brown	RB	LAR	South 	2020
16	181	Poner	O.J. Howard	TE	TBB	South 	2020
16	182	Buck Wild Roosters	Jamaal Williams	RB	GBP	South 	2020
16	183	Water Rats	Breshad Perriman	WR	NYJ	South 	2020
16	184	Steers and Beers	Indianapolis Colts	Def	IND	South 	2020
16	185	Banana's Bunch	Brandon Aiyuk	WR	SFO	South 	2020
16	186	AFCCP	Tennessee Titans	Def	TEN	South 	2020
16	187	Gridiron Guru	Zane Gonzalez	PK	ARI	South 	2020
16	188	Offensive Lyonmen	Gardner Minshew	QB	JAC	South 	2020
16	189	Hail to the Chef	Jaylen Samuels	RB	PIT	South 	2020
16	190	Maryland Madness	Jake Elliott	PK	PHI	South 	2020
16	191	Playoff Donkeys	Washington Football Team	Def	WAS	South 	2020
16	192	M-Dogg	Sammy Watkins	WR	KCC	South 	2020
17	193	M-Dogg	Matt Prater	PK	DET	South 	2020
17	194	Playoff Donkeys	Larry Fitzgerald	WR	ARI	South 	2020
17	195	Maryland Madness	Ryan Succop	PK	TBB	South 	2020
17	196	Hail to the Chef	Ito Smith	RB	ATL	South 	2020
17	197	Offensive Lyonmen	Dan Bailey	PK	MIN	South 	2020
17	198	Gridiron Guru	Younghoe Koo	PK	ATL	South 	2020
17	199	AFCCP	Corey Davis	WR	TEN	South 	2020
17	200	Banana's Bunch	Jason Myers	PK	SEA	South 	2020
17	201	Steers and Beers	Josh Reynolds	WR	LAR	South 	2020
17	202	Water Rats	Jimmy Graham	TE	CHI	South 	2020
17	203	Buck Wild Roosters	Mike Williams	WR	LAC	South 	2020
17	204	Poner	Rex Burkhead	RB	NEP	South 	2020